EMAIL,MEMBER_JOIN_DATE,GENDER,MEMBERSHIP_STATUS,AVG_SESSION_LENGTH_MIN,AVG_TIME_ON_APP_MIN,AVG_TIME_ON_WEBSITE_MIN,LIFE_TIME_VALUE
iUXZ6GpqPG@HR2ja.com,2024-04-21,FEMALE,GOLD,9.4095,,9.4095,440.95
Z0SnlaPPub@dGg7W.com,2024-04-03,FEMALE,PLATIN,9.4453,12.4453,,644.53
72lFsDPfiK@eZSct.com,2024-04-01,FEMALE,BASIC,,7.0525,4.0525,5.25
hDHUfUxr3l@qbBJl.com,2024-04-01,MALE,GOLD,8.31,8.31,12.31,531.00
eEvEzKPjVl@yJrzd.com,2024-04-16,MALE,GOLD,7.1738,10.1738,11.1738,417.38
TaKbuBg3ZO@myDoZ.com,2024-04-11,MALE,GOLD,6.8683,7.8683,,486.83
eWoay0fyW4@hWqKS.com,2024-04-08,MALE,PLATIN,11.0044,11.0044,9.0044,600.44
KvAdD57GUq@m9uVi.com,2024-04-02,MALE,BASIC,3.5254,2.5254,,52.54
gknl3npLp0@FulVJ.com,2024-04-20,FEMALE,SILVER,8.035,10.035,,303.50
C6DQL3pxr1@9JNzB.com,2024-04-24,MALE,PLATIN,9.8667,,10.8667,586.67
3cDBTOJVSX@dBHeF.com,2024-04-07,MALE,GOLD,7.2958,,10.2958,529.58
Crd6IEIihx@sKy8i.com,2024-04-18,MALE,GOLD,5.9809,8.9809,6.9809,398.09
oIvA6xPkBz@TwGdH.com,2024-04-12,MALE,BRONZE,4.5918,,7.5918,159.18
UGrsUp8Bf6@uPqk7.com,2024-04-19,MALE,PLATIN,,10.2198,13.2198,621.98
Hm8UATyubZ@g3BLg.com,2024-04-05,MALE,BASIC,2.2652,4.2652,,126.52
IQ5GswrKoS@yL2fV.com,2024-04-24,FEMALE,BASIC,1.8653,,6.8653,86.53
qLFksKSMae@esd5i.com,2024-04-17,MALE,DIAMOND,9.5871,12.5871,10.5871,658.71
3RGCCq4M2G@8DlTy.com,2024-04-04,MALE,SILVER,6.6713,6.6713,8.6713,267.13
Idr7Eq53bx@slOck.com,2024-04-24,FEMALE,DIAMOND,9.832,13.832,,683.20
EGtW8Fkasu@dEohc.com,2024-04-25,FEMALE,GOLD,7.0124,12.0124,,501.24
ACHnQphwPg@v7R3e.com,2024-04-11,MALE,BASIC,0.0317,7.0317,3.0317,3.17
kDNApg5Jq9@O1hQD.com,2024-04-14,MALE,BRONZE,3.5277,3.5277,5.5277,152.77
ZGlH6lDaM6@vcK5b.com,2024-04-08,MALE,SILVER,6.3145,9.3145,8.3145,331.45
kgWd5uw7uM@qM4F5.com,2024-04-13,MALE,GOLD,4.7638,10.7638,6.7638,376.38
kNh17Nz7cE@SW42x.com,2024-04-03,MALE,GOLD,10.3068,10.3068,10.3068,530.68
3KQFrBHC68@1qaOy.com,2024-04-28,FEMALE,PLATIN,6.3324,10.3324,10.3324,633.24
J5mkmNxOTN@mixGh.com,2024-04-09,FEMALE,BRONZE,5.2092,9.2092,8.2092,220.92
0Csat71THt@YwHCU.com,2024-04-04,FEMALE,PLATIN,9.3656,7.3656,12.3656,636.56
BaMCX5mEr1@sML0X.com,2024-04-01,MALE,BASIC,3.3765,6.3765,4.3765,137.65
CAtiTxxWM2@jWPht.com,2024-04-26,MALE,BASIC,,7.3991,7.3991,39.91
dTlDr3ZBy9@BPgDg.com,2024-04-03,MALE,BRONZE,,8.1677,8.1677,216.77
M3uOCuiXJx@owYhP.com,2024-04-06,FEMALE,BASIC,1.6161,,4.6161,61.61
CylI0pi4vP@WKTfw.com,2024-04-01,MALE,PLATIN,7.3191,11.3191,11.3191,631.91
8GtERUhEPV@68Ud3.com,2024-04-03,MALE,BASIC,5.3701,,7.3701,37.01
vEWKCDmG4w@uQMDc.com,2024-04-25,MALE,BASIC,4.0604,,8.0604,106.04
b8nyc0wP8B@XyiM4.com,2024-04-07,MALE,SILVER,,10.1768,6.1768,317.68
ZrEWDTIXc4@sRA4v.com,2024-04-16,MALE,SILVER,,7.2621,9.2621,326.21
jaMlir6Yko@iLXXD.com,2024-04-10,MALE,SILVER,4.3477,7.3477,,334.77
uXrUMraoQD@L34mZ.com,2024-04-24,MALE,DIAMOND,10.0108,,12.0108,701.08
6tYlEBzp79@8RWgA.com,2024-04-20,MALE,BRONZE,,4.1538,5.1538,215.38
HmlT1me0AY@jXZUU.com,2024-04-21,FEMALE,GOLD,,10.9246,8.9246,392.46
tScrSysJ3P@1UytB.com,2024-04-03,FEMALE,BRONZE,2.1208,5.1208,7.1208,212.08
RRl6nbl2LT@bbQ46.com,2024-04-22,MALE,DIAMOND,10.4772,8.4772,,747.72
ocPyEGq11C@1MXlx.com,2024-04-14,FEMALE,SILVER,8.2266,,8.2266,322.66
ozYAstCII8@WFQFz.com,2024-04-13,FEMALE,GOLD,4.9346,,10.9346,493.46
SqXQEHXrKz@Eu2yW.com,2024-04-01,FEMALE,PLATIN,8.6108,6.6108,10.6108,561.08
ZvQB3D1WJQ@2NZ4Z.com,2024-04-18,MALE,DIAMOND,11.655,8.655,,665.50
k5ZUlY3oml@Pd0E5.com,2024-04-21,MALE,DIAMOND,12.1533,10.1533,13.1533,715.33
gblgZK2HjL@HeLdW.com,2024-04-05,MALE,BASIC,6.3663,7.3663,4.3663,136.63
Uc7vlHiu0r@tpCAe.com,2024-04-05,FEMALE,PLATIN,10.0848,,10.0848,608.48
GZxPTTC5sS@rpVnR.com,2024-04-19,MALE,BRONZE,,6.9083,7.9083,190.83
ZLZ8y10XMQ@U5lrf.com,2024-04-06,MALE,SILVER,,9.2554,6.2554,325.54
5Z0io6wgMA@GN9Am.com,2024-04-10,FEMALE,BRONZE,4.8491,3.8491,8.8491,184.91
uxlJkqqhor@Y1maf.com,2024-04-01,FEMALE,PLATIN,6.3661,11.3661,10.3661,636.61
4qUEYwUkdU@Vwg43.com,2024-04-01,MALE,GOLD,10.1293,6.1293,12.1293,512.93
kUkP41qyFO@TadTF.com,2024-04-04,MALE,BRONZE,,4.0905,5.0905,209.05
yuvd4cOqot@QT7w1.com,2024-04-04,FEMALE,GOLD,8.9306,,9.9306,493.06
pRPafxez2w@asxbj.com,2024-04-15,MALE,PLATIN,7.9257,7.9257,9.9257,592.57
4bOC9H4UHD@NBZ8J.com,2024-04-09,FEMALE,BRONZE,,6.7987,4.7987,179.87
jsi0BLUKzp@qPU5w.com,2024-04-12,FEMALE,BASIC,3.4003,6.4003,6.4003,40.03
LqUgjpm9ns@26fkl.com,2024-04-11,MALE,BASIC,,6.8886,3.8886,88.86
JP4VMt3nWj@OV64q.com,2024-04-10,FEMALE,SILVER,3.46,8.46,8.46,346.00
6zeXWp4dMK@sqsuX.com,2024-04-15,FEMALE,SILVER,3.263,6.263,9.263,326.30
XxlHKbZ3hs@C8LSB.com,2024-04-25,FEMALE,BASIC,2.3627,6.3627,4.3627,36.27
VqpW1ERM5t@MeQfg.com,2024-04-21,MALE,PLATIN,8.1995,12.1995,9.1995,619.95
SDmQfbjMJ9@reZKD.com,2024-04-05,MALE,BASIC,0.3884,7.3884,,38.84
TEEbPWLPoo@BcfSV.com,2024-04-15,MALE,DIAMOND,11.2549,14.2549,14.2549,725.49
AsSHEN5lCt@kS99N.com,2024-04-03,MALE,BRONZE,2.0012,9.0012,6.0012,200.12
7H4OuT3mVH@utGVl.com,2024-04-16,MALE,GOLD,7.5459,10.5459,10.5459,354.59
blSwUZWJPv@nocaK.com,2024-04-02,FEMALE,DIAMOND,,7.5557,12.5557,655.57
YPkNjkDN0S@LBLQO.com,2024-04-11,FEMALE,BRONZE,2.0919,9.0919,5.0919,209.19
7r42BJOcnH@h2Zvr.com,2024-04-21,FEMALE,BASIC,4.234,7.234,7.234,23.40
TWcgD71tS6@0QtMk.com,2024-04-19,MALE,PLATIN,9.0252,8.0252,,602.52
hAZ72J6sIP@ubcWJ.com,2024-04-10,FEMALE,BRONZE,2.3829,3.3829,7.3829,238.29
5I8B3D8FYU@af2eD.com,2024-04-22,MALE,DIAMOND,11.0316,,13.0316,703.16
fgXITHJpR0@xjF6p.com,2024-04-19,MALE,PLATIN,7.4187,8.4187,,641.87
QssX2F7h3V@S2Rpf.com,2024-04-14,FEMALE,BRONZE,2.4867,3.4867,9.4867,248.67
nxZnOJhkFh@9qZu9.com,2024-04-19,FEMALE,GOLD,7.8495,11.8495,11.8495,484.95
VvV6khSIuh@RLEGw.com,2024-04-03,MALE,GOLD,,11.3764,8.3764,537.64
IzzC6BZFeO@icG0I.com,2024-04-22,MALE,BRONZE,,7.9742,6.9742,197.42
jrrnulrvoK@VePpk.com,2024-04-15,MALE,PLATIN,6.4722,7.4722,12.4722,647.22
WVFxI0MOe3@61rhE.com,2024-04-13,MALE,SILVER,6.9745,,6.9745,297.45
J0tdZa4ztf@ysoK9.com,2024-04-14,MALE,GOLD,5.3697,,11.3697,436.97
gZ4pJgosl1@qfCyb.com,2024-04-10,MALE,GOLD,5.9326,9.9326,7.9326,493.26
kSYiyKSRo3@xV4qH.com,2024-04-21,MALE,DIAMOND,10.0945,14.0945,,709.45
wouE3ApGfC@ND4KN.com,2024-04-08,MALE,DIAMOND,8.5184,10.5184,11.5184,651.84
snyjkpWeOI@VZcq4.com,2024-04-25,MALE,DIAMOND,8.2046,11.2046,,720.46
LjxpperDZX@TmQ5Z.com,2024-04-24,FEMALE,DIAMOND,,11.0796,12.0796,707.96
FRLRWgK88o@W9QMN.com,2024-04-26,MALE,BRONZE,6.5909,3.5909,6.5909,159.09
ofUnRG05SU@VPLms.com,2024-04-25,MALE,GOLD,7.5577,6.5577,9.5577,455.77
zI2DEXiV6k@0CCKK.com,2024-04-08,FEMALE,BRONZE,3.4077,8.4077,6.4077,240.77
CwnyiTwMzt@qOrUH.com,2024-04-21,FEMALE,BRONZE,,3.2902,6.2902,229.02
aLbsiYG5kp@AwxR7.com,2024-04-06,MALE,BRONZE,2.9077,2.9077,5.9077,190.77
iHZBIU8GWV@sImZq.com,2024-04-28,FEMALE,DIAMOND,,13.5008,11.5008,650.08
1WJuhf2wTD@tC5oH.com,2024-04-17,FEMALE,BRONZE,,8.3539,7.3539,235.39
Zu9mD2kMFV@6gHlA.com,2024-04-03,FEMALE,BASIC,4.3673,,7.3673,36.73
9nIvMaxpwN@31ybJ.com,2024-04-27,MALE,BASIC,1.1665,2.1665,6.1665,116.65
4R3L9dYoNJ@L2A48.com,2024-04-23,FEMALE,BRONZE,5.2685,,7.2685,226.85
jzLioYEptz@5FyLW.com,2024-04-23,MALE,GOLD,,6.0512,8.0512,505.12
3u4y9djpAS@xXf3Q.com,2024-04-15,MALE,BASIC,4.438,4.438,,143.80
lCspifWU8r@RZior.com,2024-04-10,FEMALE,GOLD,7.164,,10.164,416.40
ZouYqnCKRn@IcxIm.com,2024-04-10,MALE,SILVER,5.7144,7.7144,,271.44
2Ogc4ei9GH@HILVu.com,2024-04-15,MALE,BRONZE,5.8648,,4.8648,186.48
CMm8JXwjbI@ALTJK.com,2024-04-07,MALE,GOLD,,10.1116,9.1116,511.16
VC0mwDzo4d@6kKsc.com,2024-04-25,FEMALE,PLATIN,6.2845,13.2845,10.2845,628.45
g94JtTFYvk@zvwu5.com,2024-04-09,MALE,GOLD,6.5031,8.5031,10.5031,450.31
VSflOFIhhJ@VIknp.com,2024-04-10,MALE,PLATIN,10.6622,6.6622,9.6622,566.22
Nhdsjejno1@V5Xlq.com,2024-04-15,MALE,GOLD,5.9951,9.9951,6.9951,399.51
0sr9S5n7NU@yWxNQ.com,2024-04-28,MALE,DIAMOND,10.8391,8.8391,11.8391,683.91
Foin9dvajE@cpvS2.com,2024-04-24,MALE,BASIC,1.0718,,7.0718,7.18
6VrWncUvts@j6b5H.com,2024-04-20,MALE,PLATIN,7.5851,,10.5851,558.51
PnNemvklTX@gnGXe.com,2024-04-13,MALE,DIAMOND,7.798,,13.798,679.80
eGgXxHPNxa@rDvvF.com,2024-04-07,MALE,SILVER,,5.8893,6.8893,288.93
CbRbyWP64Z@tO8Rn.com,2024-04-12,FEMALE,BASIC,,3.249,4.249,124.90
GeEbsjW3s8@Jqcgb.com,2024-04-14,MALE,GOLD,5.5175,5.5175,,451.75
7T2HlksZT0@55WYl.com,2024-04-02,FEMALE,PLATIN,10.3367,11.3367,12.3367,633.67
qMOyOWFPc5@Tlrgm.com,2024-04-12,FEMALE,BASIC,,5.3735,6.3735,37.35
WWWBNzK1fi@r8wrF.com,2024-04-06,MALE,BASIC,2.5031,5.5031,,50.31
hu1wuM2ufA@CErjx.com,2024-04-23,FEMALE,PLATIN,6.9901,7.9901,9.9901,599.01
mbHaYCDHQz@uaHLI.com,2024-04-12,MALE,GOLD,7.5588,6.5588,9.5588,455.88
8LmXDzlkog@5sxBk.com,2024-04-21,FEMALE,PLATIN,8.2151,8.2151,12.2151,621.51
r7ruDDhXUR@foRtr.com,2024-04-02,MALE,GOLD,8.1824,11.1824,,518.24
tMPqI7CheB@OBF7K.com,2024-04-09,MALE,GOLD,4.0723,11.0723,9.0723,407.23
ONCZtqbamJ@7L01O.com,2024-04-05,MALE,BASIC,1.2726,6.2726,7.2726,27.26
BChfZMNLsc@gSLgt.com,2024-04-16,MALE,BASIC,4.7425,6.7425,4.7425,74.25
zbFE7HCzz6@VT6W3.com,2024-04-26,MALE,BRONZE,5.7837,8.7837,8.7837,178.37
1tCCEXsXJS@ixETZ.com,2024-04-04,MALE,BRONZE,3.8116,2.8116,8.8116,181.16
rI03sXF2oh@SzvFD.com,2024-04-14,FEMALE,SILVER,8.1729,10.1729,9.1729,317.29
n6vKpsuy7i@rnCBl.com,2024-04-06,FEMALE,DIAMOND,8.0741,10.0741,14.0741,707.41
aHJLPiJNis@Ud6jO.com,2024-04-20,MALE,BASIC,3.2097,4.2097,8.2097,120.97
RrODkuIXBP@PS3H5.com,2024-04-06,MALE,GOLD,9.966,6.966,7.966,496.60
Ulx9g1hwbR@RZz9V.com,2024-04-07,MALE,SILVER,5.7607,9.7607,8.7607,276.07
1z1MkCEouv@dV8uG.com,2024-04-21,MALE,GOLD,9.0627,,9.0627,406.27
QvkInoPfDv@6RmoA.com,2024-04-05,FEMALE,BRONZE,5.6595,8.6595,,165.95
FsM9dmZNjN@1ji2e.com,2024-04-15,FEMALE,GOLD,,6.4514,9.4514,445.14
m5QWbkSGGu@oyfbW.com,2024-04-13,MALE,GOLD,8.9475,8.9475,10.9475,494.75
kOqgVOcYDs@Phm4l.com,2024-04-03,FEMALE,GOLD,6.5857,5.5857,,358.57
oM6oVdVMXQ@aBoyw.com,2024-04-08,MALE,SILVER,2.7718,8.7718,8.7718,277.18
vvhhmGF7Kp@8ztSA.com,2024-04-26,MALE,GOLD,6.218,8.218,11.218,521.80
s7FkZRmCkw@eMeLW.com,2024-04-27,MALE,BASIC,,2.3599,6.3599,135.99
dXwzxn5CIt@eyhKP.com,2024-04-21,MALE,BRONZE,3.8565,,5.8565,185.65
8VXAKEHtsW@2UXgq.com,2024-04-06,MALE,GOLD,7.792,,6.792,379.20
Gal11Qy94B@LIypL.com,2024-04-18,FEMALE,DIAMOND,6.5138,10.5138,,651.38
g2pTMtLDUk@0xa9o.com,2024-04-08,FEMALE,SILVER,,9.0958,7.0958,309.58
9dIDSIhXfS@Kqp02.com,2024-04-01,MALE,PLATIN,,11.8149,9.8149,581.49
uftoSrWupa@HynHd.com,2024-04-13,MALE,GOLD,,11.9416,7.9416,494.16
lvkOX8BTCL@BXspj.com,2024-04-04,MALE,SILVER,6.8847,,9.8847,288.47
a43qFENCJ0@W7McR.com,2024-04-23,FEMALE,BRONZE,6.1593,4.1593,7.1593,215.93
XouZ94Bpcu@mzSpZ.com,2024-04-26,MALE,BRONZE,5.9808,4.9808,6.9808,198.08
Uhzg3EbvbY@6xadQ.com,2024-04-16,MALE,BRONZE,2.4113,5.4113,7.4113,241.13
YiuPnXcOF8@FCMuu.com,2024-04-02,MALE,GOLD,,9.2906,10.2906,529.06
DtDeh88VkD@W1YyB.com,2024-04-24,FEMALE,DIAMOND,6.8765,8.8765,13.8765,687.65
974XbxlqbI@jdNcI.com,2024-04-21,FEMALE,BASIC,5.8531,5.8531,3.8531,85.31
TZGTSynFit@pvQhc.com,2024-04-05,MALE,BRONZE,1.8344,5.8344,7.8344,183.44
hlnSGF8qsV@4tPf9.com,2024-04-04,MALE,PLATIN,9.0677,11.0677,10.0677,606.77
IVUIDwmwEn@cDXVd.com,2024-04-07,FEMALE,SILVER,,8.1961,6.1961,319.61
OvXy9mtizE@KAEAi.com,2024-04-20,MALE,GOLD,5.2627,12.2627,9.2627,526.27
ffk0OU44vO@uOIVn.com,2024-04-07,FEMALE,GOLD,5.7549,,10.7549,475.49
4WUWTFFisr@w5yO7.com,2024-04-21,MALE,BASIC,4.4533,7.4533,4.4533,45.33
3osO6WCC1C@fRHwD.com,2024-04-12,FEMALE,GOLD,,10.8232,9.8232,482.32
qWr5eGjU8s@e7Ggl.com,2024-04-27,MALE,SILVER,5.495,10.495,6.495,349.50
p6ERUXkjEO@qcmMe.com,2024-04-03,MALE,BRONZE,6.5285,6.5285,6.5285,152.85
4zJLcaKyUA@gomq3.com,2024-04-04,MALE,SILVER,6.0735,10.0735,6.0735,307.35
jD6TUQ6CLJ@4Zy6Y.com,2024-04-26,FEMALE,DIAMOND,12.439,13.439,13.439,743.90
QE4eh6ISUT@8mIyL.com,2024-04-02,MALE,GOLD,7.8002,,8.8002,380.02
aBWhs3msPW@JQuBF.com,2024-04-22,MALE,BASIC,3.5449,,3.5449,54.49
gPjD3WkdU8@CwBeT.com,2024-04-16,MALE,GOLD,7.4696,,8.4696,446.96
CoczILN0pT@UI9mK.com,2024-04-18,MALE,SILVER,,3.8168,5.8168,281.68
bKTku2x8tg@C5SAI.com,2024-04-28,MALE,DIAMOND,,11.7478,9.7478,674.78
bFcdU5tBcv@eFAgm.com,2024-04-07,FEMALE,GOLD,6.2926,7.2926,11.2926,529.26
apAfwyooL2@hfLic.com,2024-04-27,MALE,GOLD,8.5361,9.5361,9.5361,353.61
8v9TSNroY0@zem7Q.com,2024-04-16,MALE,BASIC,4.676,1.676,5.676,67.60
hAlvoBS98Z@zYSIS.com,2024-04-06,FEMALE,SILVER,4.699,,5.699,269.90
8GO5ZNqjGI@THZIA.com,2024-04-19,FEMALE,BASIC,3.5028,5.5028,7.5028,50.28
1HHkRTrsfy@3J3gb.com,2024-04-27,FEMALE,BASIC,,7.1538,7.1538,115.38
scdDLNmrUs@8DAAA.com,2024-04-13,MALE,GOLD,10.0479,9.0479,,504.79
BT3fyz89FU@Adyrd.com,2024-04-04,MALE,DIAMOND,11.7483,11.7483,12.7483,674.83
xVQJWku1eF@SxED0.com,2024-04-20,MALE,BASIC,1.299,2.299,7.299,129.90
2HAHfdWEZ2@KtVRt.com,2024-04-28,MALE,GOLD,5.2988,8.2988,8.2988,429.88
pbD1IXQgCC@KptLi.com,2024-04-10,FEMALE,GOLD,6.761,5.761,6.761,376.10
f92PmvLLKx@KRNUo.com,2024-04-25,MALE,BASIC,0.2415,5.2415,3.2415,24.15
ktlbQIWnMo@qII8H.com,2024-04-04,MALE,GOLD,8.8409,,8.8409,484.09
SfeZyLlmnI@G1WeJ.com,2024-04-18,MALE,GOLD,5.1526,,8.1526,515.26
2Fieh9W6du@E2MJp.com,2024-04-27,MALE,BRONZE,4.3004,8.3004,8.3004,230.04
D7UDlkkAk2@y6eTz.com,2024-04-21,FEMALE,GOLD,4.367,7.367,7.367,436.70
9q9Tg0abft@o8WaE.com,2024-04-13,FEMALE,BASIC,5.2784,6.2784,4.2784,127.84
jTRBtaxQoW@cLZJ0.com,2024-04-03,MALE,SILVER,2.5108,7.5108,,251.08
GE9ZgDEwIC@aZiwE.com,2024-04-19,MALE,BASIC,3.2164,2.2164,4.2164,21.64
AqlDv5VlHt@zAPXe.com,2024-04-03,MALE,PLATIN,,10.1328,9.1328,613.28
Ol9vXxuE21@aDKZj.com,2024-04-14,FEMALE,GOLD,8.4021,5.4021,7.4021,440.21
S8t57dlmii@oPtv5.com,2024-04-10,FEMALE,PLATIN,8.7869,6.7869,8.7869,578.69
6fspjd7RPT@MgCk6.com,2024-04-26,MALE,PLATIN,9.1507,9.1507,10.1507,615.07
MDeJgDQrFS@eZOba.com,2024-04-18,MALE,GOLD,5.0657,12.0657,10.0657,506.57
gRQNxaBRuh@6hap4.com,2024-04-24,MALE,BASIC,3.011,7.011,5.011,1.10
fOwQ6J6aZf@3WTA4.com,2024-04-26,MALE,BASIC,1.5291,5.5291,,52.91
1IktiTLm3M@TAFmQ.com,2024-04-10,MALE,BASIC,1.6657,3.6657,4.6657,66.57
sl131PYhbg@YfWCu.com,2024-04-10,FEMALE,BASIC,3.2088,,5.2088,20.88
N25dxmr40v@C4iLR.com,2024-04-05,MALE,BASIC,2.2046,2.2046,4.2046,20.46
WDcnco3h4G@Cu017.com,2024-04-18,MALE,DIAMOND,10.1536,,13.1536,715.36
oDCN49XpoE@lAh8G.com,2024-04-10,MALE,DIAMOND,11.5518,9.5518,11.5518,655.18
UdB4y9bvAt@9jtVa.com,2024-04-09,MALE,GOLD,6.4779,11.4779,11.4779,447.79
d8OebM1y4J@KqC82.com,2024-04-03,MALE,DIAMOND,7.3823,,12.3823,738.23
S1VUiYrcqG@TpNU3.com,2024-04-06,FEMALE,SILVER,4.1936,9.1936,7.1936,319.36
QZEqWr9WZY@1InhQ.com,2024-04-17,MALE,GOLD,7.4109,7.4109,,441.09
E7wqe1y0CC@e7dXX.com,2024-04-07,MALE,GOLD,9.0579,9.0579,9.0579,505.79
eoA6zhSF0E@iFVwQ.com,2024-04-25,MALE,PLATIN,,7.5029,12.5029,550.29
Uz2dEzQl9r@tb0bh.com,2024-04-18,MALE,GOLD,6.6983,5.6983,6.6983,369.83
ZNWFLXBniT@N8WPc.com,2024-04-17,MALE,DIAMOND,12.4072,13.4072,11.4072,740.72
47i6Y6zJ1h@9KDHr.com,2024-04-07,MALE,PLATIN,9.7401,12.7401,8.7401,574.01
mSSUko8yqZ@1ISW9.com,2024-04-01,MALE,BASIC,3.3723,1.3723,,37.23
IORAJIKC1c@7XJPH.com,2024-04-08,FEMALE,BRONZE,2.5226,8.5226,,152.26
0QyRo4AJu0@ig98G.com,2024-04-26,MALE,BRONZE,,6.3919,8.3919,239.19
bnJSErqnhq@6tYdz.com,2024-04-03,FEMALE,BASIC,2.7915,6.7915,7.7915,79.15
JmaSFMPSs7@fEoTj.com,2024-04-15,MALE,SILVER,7.5695,4.5695,6.5695,256.95
FIEtDqEqls@bzCrh.com,2024-04-17,MALE,DIAMOND,7.829,7.829,9.829,682.90
tScFJElxqD@Oi1C9.com,2024-04-11,MALE,GOLD,6.9524,,7.9524,495.24
56woXj4fhj@jjYw9.com,2024-04-15,MALE,GOLD,4.2909,11.2909,,429.09
x0p7N4tloh@8yAC1.com,2024-04-26,FEMALE,BASIC,4.6708,1.6708,6.6708,67.08
Y1q8Hfxr87@8X9DZ.com,2024-04-01,MALE,DIAMOND,7.6049,8.6049,10.6049,660.49
kmMX3GDmaB@1YvcE.com,2024-04-16,MALE,SILVER,4.696,,7.696,269.60
J7c55tcjnx@NrWoM.com,2024-04-07,FEMALE,DIAMOND,12.0597,9.0597,13.0597,705.97
WvzvvcbLGu@ixNyG.com,2024-04-11,MALE,BRONZE,1.7874,,6.7874,178.74
c0qMOcdMtB@iBwLM.com,2024-04-24,FEMALE,BASIC,1.1937,3.1937,7.1937,119.37
uniALBbj27@xsy8V.com,2024-04-11,FEMALE,GOLD,7.0751,6.0751,,507.51
7UQvfAzpwe@YPyu0.com,2024-04-13,MALE,GOLD,,9.8938,9.8938,389.38
ZS5UTqKQCa@5ZYUZ.com,2024-04-09,MALE,GOLD,4.9149,8.9149,8.9149,491.49
CW98HBt9DS@0cJiE.com,2024-04-02,MALE,GOLD,4.6093,8.6093,11.6093,460.93
NTfO40JkMP@ooRg0.com,2024-04-14,MALE,DIAMOND,7.6332,13.6332,,663.32
Y6WSWxDjtF@FukPI.com,2024-04-06,FEMALE,GOLD,8.3823,9.3823,,538.23
HyIpFepOXS@DlOJM.com,2024-04-11,MALE,GOLD,8.4215,,9.4215,442.15
bJnoz9emyt@v3yyn.com,2024-04-02,FEMALE,BRONZE,,6.4879,5.4879,248.79
gJFh5KYQIA@N885r.com,2024-04-16,MALE,DIAMOND,11.4018,,14.4018,740.18
dWFtKTImST@aNzLh.com,2024-04-08,MALE,GOLD,7.5122,11.5122,9.5122,451.22
sxxf072r4p@Zk003.com,2024-04-22,MALE,GOLD,5.5973,7.5973,,359.73
1UUJ4eyZ7K@hys25.com,2024-04-11,MALE,SILVER,,7.3683,6.3683,336.83
iEsO4VgcIs@tkooC.com,2024-04-02,MALE,GOLD,,12.1899,10.1899,518.99
3IPbXdPcF9@iKyk9.com,2024-04-07,FEMALE,BRONZE,4.7218,4.7218,7.7218,172.18
xp3J1mnewR@FcBpa.com,2024-04-22,MALE,GOLD,7.6861,4.6861,,368.61
kdbGMQmAtc@EuuCk.com,2024-04-24,FEMALE,SILVER,5.4171,5.4171,6.4171,341.71
vX1HYfJ5vp@Jv0dp.com,2024-04-20,MALE,BASIC,4.0219,5.0219,,2.19
tuXMhS69Qr@7AwBO.com,2024-04-07,FEMALE,BASIC,,3.9958,3.9958,99.58
TkjU3DuKZY@FB2ye.com,2024-04-07,MALE,GOLD,7.0059,7.0059,9.0059,400.59
CitTXIfCTn@k8ZnU.com,2024-04-09,MALE,SILVER,6.3857,5.3857,7.3857,338.57
Imav3PMnbY@6uda4.com,2024-04-17,MALE,SILVER,3.3304,7.3304,6.3304,333.04
oC2JPSGOMZ@GPMGr.com,2024-04-06,MALE,GOLD,7.0752,7.0752,7.0752,407.52
0thGGOe9in@E8bns.com,2024-04-04,MALE,PLATIN,6.2703,,13.2703,627.03
1XLAqanJHx@FJRiG.com,2024-04-14,MALE,DIAMOND,6.8777,,11.8777,687.77
5nTTLScnoB@TIf7y.com,2024-04-08,MALE,GOLD,,7.5544,7.5544,355.44
fvwqhJRpZC@Xmx1X.com,2024-04-21,MALE,GOLD,6.4274,,8.4274,542.74
IxoPpTdIBE@rz4Or.com,2024-04-18,MALE,PLATIN,9.0838,12.0838,12.0838,608.38
MRAKUMRV2z@b65Y1.com,2024-04-13,MALE,BASIC,1.2142,3.2142,7.2142,21.42
6fBKY528ut@rALCw.com,2024-04-05,MALE,BASIC,,6.3779,3.3779,37.79
QUD49NWXzA@FnUVj.com,2024-04-27,FEMALE,BRONZE,3.5715,8.5715,6.5715,157.15
ZK2EzDbcYs@bxSr1.com,2024-04-06,MALE,SILVER,5.5677,7.5677,8.5677,256.77
xzCspRUH1D@AvDmC.com,2024-04-24,MALE,SILVER,3.6483,,7.6483,264.83
QEVqeWdS7I@QVEPw.com,2024-04-03,MALE,DIAMOND,7.11,14.11,10.11,711.00
Mma9QBdXDr@8MfyD.com,2024-04-08,MALE,GOLD,,6.844,10.844,484.40
IughgTRoVQ@e1azp.com,2024-04-01,FEMALE,GOLD,8.1988,10.1988,11.1988,519.88
4Lvc7W6j8t@NU1fK.com,2024-04-01,MALE,BASIC,0.2913,6.2913,6.2913,29.13
W4zkIi4z8Z@M7o5h.com,2024-04-23,MALE,GOLD,10.4076,12.4076,9.4076,540.76
1appgVWVtR@GM6If.com,2024-04-01,FEMALE,GOLD,5.5186,9.5186,8.5186,451.86
db7CP9mSF8@VZP8C.com,2024-04-05,MALE,GOLD,7.6349,8.6349,,463.49
0uFCzMmHaf@tcZxL.com,2024-04-17,MALE,SILVER,4.2575,,8.2575,325.75
GEFOJhX7mU@pzoTb.com,2024-04-22,MALE,SILVER,6.6215,,6.6215,262.15
XK0j3LXrJe@GZKvV.com,2024-04-15,MALE,GOLD,4.4141,7.4141,9.4141,441.41
v1Re5H5Z51@HCS09.com,2024-04-21,MALE,BASIC,4.2608,4.2608,7.2608,26.08
ywX1j2Kg4J@mNIAe.com,2024-04-01,MALE,BASIC,5.8803,,7.8803,88.03
vj078Kz5xi@Z0AAf.com,2024-04-23,MALE,PLATIN,7.3516,12.3516,9.3516,635.16
Vw45IwJyEs@wtYrf.com,2024-04-13,FEMALE,DIAMOND,6.5409,,10.5409,654.09
SL84r0Z7XD@eUtAl.com,2024-04-02,FEMALE,BASIC,1.0323,4.0323,,3.23
PmLu1adN5s@HF8em.com,2024-04-03,MALE,GOLD,7.1379,,8.1379,513.79
Qu9YleOyjf@hb9SJ.com,2024-04-18,MALE,GOLD,8.6851,,9.6851,368.51
NFJyDsBFMT@yGaU6.com,2024-04-19,FEMALE,DIAMOND,8.1831,14.1831,11.1831,718.31
rvlFBiUPiz@Dmj4W.com,2024-04-11,MALE,BASIC,5.4868,3.4868,6.4868,148.68
eqlEqAV51V@LOQ08.com,2024-04-26,MALE,PLATIN,7.4542,11.4542,,645.42
1j9IRXp8EV@OVz3f.com,2024-04-27,MALE,BASIC,5.9071,6.9071,4.9071,90.71
JESK9d6sRb@UDX9A.com,2024-04-17,MALE,BASIC,1.213,3.213,8.213,121.30
EQ9BQMchIt@k8o0r.com,2024-04-18,MALE,GOLD,5.5035,6.5035,,450.35
DP3LR8wGE5@P0rtQ.com,2024-04-26,MALE,BRONZE,3.6756,5.6756,8.6756,167.56
zkwkeUcQhd@RNWSG.com,2024-04-20,MALE,GOLD,8.4539,6.4539,9.4539,545.39
Qk1WdXczHT@9J97w.com,2024-04-27,MALE,PLATIN,9.8654,,8.8654,586.54
czjM1O1wlH@wPA6R.com,2024-04-11,FEMALE,PLATIN,9.5734,10.5734,9.5734,557.34
UE1LaByZ95@JRfcb.com,2024-04-25,MALE,DIAMOND,10.7521,9.7521,12.7521,675.21
p03Npv72LZ@wMACh.com,2024-04-25,MALE,SILVER,,8.7563,7.7563,275.63
TU8vdhkPN8@vpyFU.com,2024-04-19,MALE,GOLD,,9.1342,10.1342,513.42
y1YIf9B2FI@CbtRB.com,2024-04-21,MALE,BASIC,,5.8894,3.8894,88.94
aWQf0EdbWo@b5LlZ.com,2024-04-05,FEMALE,BASIC,2.1538,2.1538,7.1538,115.38
l1UwoS6oDI@Hgs0T.com,2024-04-11,MALE,DIAMOND,8.7088,13.7088,12.7088,670.88
lFWYkBHFQJ@2WDzo.com,2024-04-25,FEMALE,GOLD,,9.3501,10.3501,435.01
7pj3VvjQ7f@dyArp.com,2024-04-15,MALE,BRONZE,1.6511,7.6511,8.6511,165.11
FrhNuDssKp@RFvzl.com,2024-04-07,FEMALE,PLATIN,11.0266,10.0266,12.0266,602.66
K25sL4Irin@Ug28q.com,2024-04-04,FEMALE,BASIC,2.607,3.607,6.607,60.70
UgPzhIoK4F@D7fRJ.com,2024-04-07,FEMALE,PLATIN,10.1969,7.1969,9.1969,619.69
m722MErMgf@XHNWi.com,2024-04-18,FEMALE,PLATIN,,13.0496,9.0496,604.96
Q9iXll7glr@kYgJq.com,2024-04-27,MALE,SILVER,2.7022,4.7022,7.7022,270.22
17NS6eNUlU@u6cxD.com,2024-04-07,MALE,PLATIN,7.651,,11.651,565.10
e4TKSb53bs@lgYI2.com,2024-04-20,MALE,BRONZE,,5.5264,8.5264,152.64
RnuQgCh62J@DtiB0.com,2024-04-25,MALE,BASIC,1.9455,5.9455,6.9455,94.55
pPnHBHjTIj@AUW7I.com,2024-04-19,FEMALE,BASIC,3.1719,4.1719,5.1719,117.19
CNHglVdQJ6@WBynn.com,2024-04-24,MALE,DIAMOND,11.8712,13.8712,,687.12
dDF7ffXMkR@PkZTR.com,2024-04-06,MALE,BRONZE,6.257,4.257,5.257,225.70
S9hQHjMuxp@rTI5m.com,2024-04-12,FEMALE,BASIC,4.945,6.945,3.945,94.50
Eyahr8fXnQ@BvC0U.com,2024-04-07,MALE,SILVER,4.3025,,10.3025,330.25
koCBaQqrbZ@JdEZO.com,2024-04-28,MALE,DIAMOND,12.393,11.393,11.393,739.30
nrrtHw1SmN@6qtBr.com,2024-04-26,FEMALE,PLATIN,6.3097,12.3097,11.3097,630.97
5osOHytBGq@tx79j.com,2024-04-06,MALE,DIAMOND,6.6213,12.6213,11.6213,662.13
sh83L5hHTp@asE3E.com,2024-04-13,MALE,PLATIN,9.4588,10.4588,12.4588,645.88
XDb9FisjYR@WXTQN.com,2024-04-24,MALE,BASIC,3.6138,,7.6138,61.38
G624WJVHSH@6rP57.com,2024-04-02,FEMALE,GOLD,,8.2179,8.2179,521.79
YryIXAXVI2@VU8dJ.com,2024-04-08,MALE,BASIC,3.566,1.566,6.566,56.60
vctPOYSEA6@jLcIv.com,2024-04-01,MALE,SILVER,3.572,,6.572,257.20
WP6qxDqU86@2T3xW.com,2024-04-07,MALE,PLATIN,10.184,9.184,,618.40
mD74IeHOc6@0vnpc.com,2024-04-21,FEMALE,GOLD,,9.3768,8.3768,437.68
hLkPFdrsdb@H2t5d.com,2024-04-04,MALE,GOLD,7.8708,9.8708,,487.08
Zei82b4Cjo@iTtwG.com,2024-04-06,MALE,GOLD,4.3703,7.3703,7.3703,437.03
jpFTGfwKDJ@uGlLC.com,2024-04-26,MALE,DIAMOND,9.7213,,9.7213,672.13
6KCnG6L29c@oyt5u.com,2024-04-22,MALE,BASIC,5.0331,6.0331,3.0331,3.31
fJmuoejo1r@jvJ8Z.com,2024-04-08,MALE,DIAMOND,6.7489,9.7489,9.7489,674.89
LqWMVNY7Ip@yspmd.com,2024-04-02,MALE,GOLD,,10.9959,11.9959,499.59
qWqz9h5A1D@spVwd.com,2024-04-03,FEMALE,BASIC,,7.3441,8.3441,134.41
3riF8djfq4@FNLIc.com,2024-04-28,MALE,PLATIN,,7.1762,10.1762,617.62
QFbPUKEtLL@CGBST.com,2024-04-26,MALE,DIAMOND,7.4115,9.4115,,741.15
LXeDy9DlX3@QbRVM.com,2024-04-27,MALE,PLATIN,10.9143,12.9143,,591.43
cFxnizTGFt@yfoqY.com,2024-04-11,MALE,PLATIN,11.1746,,12.1746,617.46
up4i1Mp8fP@FF696.com,2024-04-08,MALE,DIAMOND,7.5675,7.5675,11.5675,656.75
pUuYFnYJJS@POszF.com,2024-04-05,MALE,BRONZE,4.334,6.334,5.334,233.40
e4ffPaBNIM@ZhYI9.com,2024-04-02,MALE,BASIC,5.2798,6.2798,7.2798,127.98
cAulEMOlpU@KPKZH.com,2024-04-28,MALE,BRONZE,4.8866,8.8866,6.8866,188.66
YSqnG8XW43@OBBSG.com,2024-04-15,FEMALE,SILVER,6.9705,8.9705,5.9705,297.05
19vQE1kpaG@1rWSL.com,2024-04-11,MALE,GOLD,8.3669,12.3669,10.3669,536.69
mPC0xuEq9u@ZDZDC.com,2024-04-14,MALE,PLATIN,9.3171,11.3171,9.3171,631.71
Q6pre9pVno@gavCt.com,2024-04-11,MALE,PLATIN,6.5043,,11.5043,550.43
4lx42ta5Ww@RQFm9.com,2024-04-11,MALE,BASIC,,2.3354,3.3354,33.54
Sji5dWY6ab@r2an7.com,2024-04-04,FEMALE,DIAMOND,8.7748,13.7748,11.7748,677.48
sEynM2C52Z@gVlxU.com,2024-04-11,MALE,GOLD,8.3601,10.3601,10.3601,536.01
dfVQeXEzcf@LiOp9.com,2024-04-28,FEMALE,GOLD,8.2359,11.2359,8.2359,523.59
gjCXjoIvIb@OT3eX.com,2024-04-26,FEMALE,DIAMOND,8.3074,14.3074,,730.74
DsygKa3aSq@ANPvZ.com,2024-04-20,MALE,DIAMOND,6.8728,11.8728,11.8728,687.28
Zz3ZvGrtML@gbrpH.com,2024-04-16,FEMALE,BASIC,3.1191,6.1191,5.1191,11.91
76UkSPIkhz@jTuKy.com,2024-04-03,FEMALE,PLATIN,9.066,7.066,11.066,606.60
H40eWQ1xmZ@cBzLG.com,2024-04-04,MALE,DIAMOND,10.373,11.373,13.373,737.30
HIyfiyXAIY@WN9w2.com,2024-04-01,MALE,BASIC,1.1588,6.1588,,15.88
mrI9BZToPr@R89An.com,2024-04-28,MALE,DIAMOND,9.9925,10.9925,10.9925,699.25
nNGCZarrEJ@08KSD.com,2024-04-12,MALE,BASIC,1.8117,4.8117,6.8117,81.17
WjvYWI4c6X@bGCLs.com,2024-04-09,MALE,SILVER,3.6878,3.6878,6.6878,268.78
ie6ZP3DD8j@ATc5K.com,2024-04-03,FEMALE,GOLD,,5.6266,8.6266,462.66
lWCjyCVCQJ@JeDgH.com,2024-04-08,MALE,DIAMOND,,13.2255,12.2255,722.55
38gRG0iwHf@G4Yj5.com,2024-04-09,MALE,PLATIN,,9.4442,13.4442,644.42
gfQktuKkCo@5PiYY.com,2024-04-12,MALE,GOLD,6.5506,5.5506,,355.06
36wsZbKX8A@cDxu6.com,2024-04-09,FEMALE,DIAMOND,11.8473,,11.8473,684.73
s6jIAP6uYY@fpZya.com,2024-04-12,FEMALE,GOLD,7.4842,10.4842,11.4842,448.42
XO89mWCig0@Q1QHW.com,2024-04-09,MALE,BRONZE,4.7638,3.7638,,176.38
F6CrHgkCTR@rea9E.com,2024-04-25,MALE,DIAMOND,12.0191,,13.0191,701.91
UuCVzpPbCu@9ipB2.com,2024-04-07,FEMALE,DIAMOND,8.6084,13.6084,11.6084,660.84
a2yBOxnF3F@SLkss.com,2024-04-09,MALE,BRONZE,,4.5014,7.5014,150.14
Y0iMnN2213@ogqkI.com,2024-04-25,MALE,DIAMOND,10.9813,13.9813,10.9813,698.13
WhCzPfHIdO@aSCNj.com,2024-04-15,FEMALE,GOLD,5.6267,,9.6267,362.67
ucP3Ukuszd@wUhcw.com,2024-04-16,MALE,BASIC,2.7891,5.7891,,78.91
JjTYveRdST@DtLq6.com,2024-04-19,FEMALE,SILVER,7.8639,,9.8639,286.39
wr9FY42t9C@zSpnf.com,2024-04-22,MALE,BRONZE,2.5152,,5.5152,151.52
3dwhsRc78L@Z5lBF.com,2024-04-15,MALE,GOLD,5.3461,12.3461,9.3461,534.61
LwvV1skyap@iBmGl.com,2024-04-20,MALE,SILVER,3.8439,4.8439,9.8439,284.39
SjeyhR4Sz6@WVfny.com,2024-04-17,MALE,GOLD,5.2009,9.2009,10.2009,520.09
Q2Z6FYa6pF@NPhw5.com,2024-04-09,FEMALE,PLATIN,8.9629,7.9629,9.9629,596.29
fKKaLTyHXV@GA5qV.com,2024-04-24,MALE,BASIC,1.5893,2.5893,6.5893,58.93
TARVjjTTgp@LjyE9.com,2024-04-13,FEMALE,GOLD,5.5858,,9.5858,458.58
nk14jdB8jb@El0tD.com,2024-04-01,MALE,DIAMOND,12.0764,,12.0764,707.64
6TwItB1LA9@FWErm.com,2024-04-08,FEMALE,SILVER,7.0249,6.0249,6.0249,302.49
hQ6FKtkMVs@MsyVG.com,2024-04-05,MALE,GOLD,5.1493,,12.1493,514.93
QoLlLZn5bt@QxDJk.com,2024-04-26,MALE,GOLD,4.484,8.484,,448.40
fM5GZbx2Qw@O4NQ0.com,2024-04-19,MALE,GOLD,8.5151,9.5151,10.5151,351.51
vxIuLAqKys@S0WCZ.com,2024-04-19,MALE,PLATIN,7.3583,9.3583,,635.83
IH9OladJpZ@KNUQD.com,2024-04-05,FEMALE,SILVER,4.519,9.519,5.519,251.90
mxwdObv3qN@LEDoH.com,2024-04-25,MALE,PLATIN,7.2816,9.2816,9.2816,628.16
gUQQqHzQRu@nLv3f.com,2024-04-08,MALE,PLATIN,6.4531,10.4531,10.4531,645.31
u8lirtSe8c@Sblc2.com,2024-04-19,MALE,PLATIN,11.1398,13.1398,11.1398,613.98
99NuH3CL9c@ZZehp.com,2024-04-28,MALE,DIAMOND,10.2476,11.2476,12.2476,724.76
XvslIuMrX6@G0Aq3.com,2024-04-20,MALE,DIAMOND,6.9307,9.9307,10.9307,693.07
bfu3CcZgvG@iHLuO.com,2024-04-26,FEMALE,DIAMOND,6.9696,12.9696,12.9696,696.96
HYk6WZ4c9p@tE0CM.com,2024-04-20,MALE,PLATIN,8.0748,9.0748,11.0748,607.48
uXfFl9Df3r@2hbHs.com,2024-04-27,MALE,DIAMOND,,10.8263,9.8263,682.63
MVFyXuqMqk@W1SO6.com,2024-04-04,MALE,PLATIN,6.2654,10.2654,13.2654,626.54
mTPORs8k0t@mNKvb.com,2024-04-23,MALE,PLATIN,6.0548,13.0548,11.0548,605.48
GwwtJwPL3G@iCuPU.com,2024-04-04,MALE,PLATIN,6.1284,10.1284,11.1284,612.84
Bjyg75sND3@EZ4Av.com,2024-04-12,MALE,GOLD,3.9417,10.9417,10.9417,394.17
Ug8gUAokDW@QuowW.com,2024-04-10,MALE,SILVER,3.3662,4.3662,6.3662,336.62
qffV6EfdsC@PUIJm.com,2024-04-05,FEMALE,PLATIN,7.7077,7.7077,12.7077,570.77
puf2vnnR1F@B2tNX.com,2024-04-28,MALE,DIAMOND,,11.4583,11.4583,745.83
meOnIUWuXV@GQ06R.com,2024-04-02,FEMALE,GOLD,,11.3176,12.3176,531.76
cr9VDEewoX@A7MCT.com,2024-04-11,MALE,BASIC,6.4691,4.4691,5.4691,146.91
LgqNiygRYL@WmDXv.com,2024-04-08,FEMALE,BRONZE,2.4858,6.4858,7.4858,248.58
6OGiRSwbmL@sMkGQ.com,2024-04-13,MALE,SILVER,6.1605,6.1605,9.1605,316.05
f4cocqZEOE@flvEt.com,2024-04-04,FEMALE,GOLD,6.7151,9.7151,8.7151,371.51
EKt72HLhWf@yWxks.com,2024-04-24,MALE,GOLD,8.8656,,9.8656,486.56
SdjRJH6AgY@n0Jqi.com,2024-04-09,FEMALE,PLATIN,7.1254,10.1254,,612.54
6pzCk51V05@qxWJh.com,2024-04-20,MALE,BASIC,,7.7426,6.7426,74.26
vF7trMtiMN@SiHpG.com,2024-04-22,FEMALE,PLATIN,11.4079,8.4079,10.4079,640.79
TBWQkC1Ib1@ofM3Y.com,2024-04-24,MALE,BASIC,1.2022,1.2022,,20.22
OzmAqRktro@UqCno.com,2024-04-03,MALE,GOLD,7.731,9.731,9.731,473.10
cevt8VidIb@0gcxv.com,2024-04-02,FEMALE,BASIC,5.2344,,3.2344,23.44
u4hfgTXFxA@htzon.com,2024-04-21,MALE,GOLD,8.9161,,7.9161,491.61
n3vjHhccwL@Or4q9.com,2024-04-11,FEMALE,SILVER,6.4991,6.4991,9.4991,349.91
41h1A2GvrW@Wgycx.com,2024-04-12,MALE,SILVER,5.9833,3.9833,8.9833,298.33
Y18US9VpT0@H4yJ2.com,2024-04-26,MALE,PLATIN,,12.192,12.192,619.20
hH0DYA5GqJ@ucusa.com,2024-04-02,MALE,DIAMOND,9.8631,12.8631,9.8631,686.31
kSBhbze8Rr@2SEgW.com,2024-04-19,MALE,BASIC,4.2955,3.2955,8.2955,129.55
g8CSIcbm0z@B6QaK.com,2024-04-09,MALE,BRONZE,3.0103,,5.0103,201.03
MPE6jBw4LI@giWWL.com,2024-04-21,MALE,GOLD,8.3221,8.3221,10.3221,432.21
VRsGLlI7b1@f757u.com,2024-04-06,FEMALE,PLATIN,,11.1329,12.1329,613.29
nEEn32apW5@0KscB.com,2024-04-24,FEMALE,GOLD,4.7222,5.7222,9.7222,372.22
iHP3kzD8UZ@wNI6W.com,2024-04-16,FEMALE,GOLD,4.8473,11.8473,10.8473,484.73
KCJdbUMEhT@qL3i7.com,2024-04-07,MALE,GOLD,6.289,10.289,12.289,528.90
KoBGjQynHx@31Hno.com,2024-04-03,MALE,BASIC,6.2688,,4.2688,126.88
1DA4pMGtwH@8IAwK.com,2024-04-24,MALE,BASIC,4.1371,4.1371,6.1371,113.71
r5KqeqQVVi@WUhBJ.com,2024-04-16,FEMALE,GOLD,8.8268,,9.8268,482.68
tJh4zgT6Iq@oxH8m.com,2024-04-27,MALE,PLATIN,10.553,11.553,,555.30
6S8JEpuwbW@M4uXG.com,2024-04-12,MALE,BRONZE,3.2285,,7.2285,222.85
GP15ce0wnV@UrW34.com,2024-04-25,FEMALE,GOLD,10.2895,9.2895,11.2895,528.95
i2LF1xeRf0@PhXR3.com,2024-04-03,FEMALE,GOLD,5.2973,6.2973,,529.73
sD9rUZH027@sy7gO.com,2024-04-12,MALE,BRONZE,4.4829,4.4829,,248.29
W763QZY9fv@7XrF4.com,2024-04-24,MALE,DIAMOND,9.1169,,14.1169,711.69
QvZboa5bGI@adPqK.com,2024-04-09,MALE,BRONZE,7.358,,5.358,235.80
KdPwy7E19M@cW0dg.com,2024-04-12,FEMALE,DIAMOND,,12.0177,11.0177,701.77
SeXk2sD6wk@uo7zP.com,2024-04-12,MALE,SILVER,5.1375,,10.1375,313.75
x7yJuPhN1t@PAcgR.com,2024-04-17,MALE,BASIC,5.1766,4.1766,4.1766,17.66
PQH4XhxdC5@Nzf43.com,2024-04-04,MALE,PLATIN,7.4511,9.4511,10.4511,645.11
rBDxXFNOQY@oVvT5.com,2024-04-26,MALE,PLATIN,9.5952,6.5952,,559.52
NJcMIaS4GM@k3KIT.com,2024-04-03,MALE,GOLD,5.9273,10.9273,10.9273,392.73
yYVnUTgaTx@XU4UT.com,2024-04-13,MALE,DIAMOND,11.1718,14.1718,,717.18
x138zo9jVr@cufLl.com,2024-04-28,MALE,GOLD,10.0038,12.0038,11.0038,500.38
Y10p8eo8HI@p1CUc.com,2024-04-01,MALE,PLATIN,8.0984,9.0984,12.0984,609.84
FnvBXzNjEK@hGO3v.com,2024-04-14,FEMALE,BRONZE,,5.2864,6.2864,228.64
HX3ZM8AfdA@Y0oSM.com,2024-04-04,MALE,BASIC,4.9593,5.9593,,95.93
on6TyMLk3H@XiW8h.com,2024-04-16,MALE,SILVER,6.2753,6.2753,6.2753,327.53
ooMSHEplf4@Gl2Yz.com,2024-04-05,MALE,BASIC,3.4031,6.4031,7.4031,40.31
hY5k7VMBaA@Kkzjn.com,2024-04-11,FEMALE,BRONZE,4.2063,,5.2063,220.63
uqTdP2qJOp@C9urO.com,2024-04-12,FEMALE,BASIC,,6.3777,3.3777,37.77
EmVcEZpkBI@dL8tr.com,2024-04-09,MALE,DIAMOND,8.062,9.062,11.062,706.20
tXvbUKl0rI@JPCbB.com,2024-04-11,MALE,DIAMOND,7.7479,12.7479,12.7479,674.79
x2AdDMwg9b@pAGp1.com,2024-04-01,MALE,BRONZE,5.3585,,6.3585,235.85
PF5s7O4tvA@zP9Kc.com,2024-04-01,MALE,SILVER,4.1473,,10.1473,314.73
gZqxszV6fH@7dQmC.com,2024-04-06,MALE,GOLD,6.9198,8.9198,7.9198,491.98
uE7aUSOwzz@ttHPA.com,2024-04-05,MALE,GOLD,6.1375,7.1375,9.1375,513.75
Ryi5orGN1J@b2zIx.com,2024-04-10,MALE,DIAMOND,,13.951,11.951,695.10
psmQH03KhN@zUoG3.com,2024-04-01,MALE,GOLD,6.3623,10.3623,7.3623,436.23
ojDvbJdHQK@xWlpa.com,2024-04-02,FEMALE,BRONZE,5.7982,7.7982,7.7982,179.82
KkiqOnLtw3@EBFJ6.com,2024-04-21,FEMALE,GOLD,9.1873,12.1873,12.1873,518.73
FSpefYAZeF@S5KK5.com,2024-04-17,MALE,GOLD,4.6199,4.6199,6.6199,361.99
lUHtPC67aI@NdRiZ.com,2024-04-19,MALE,GOLD,7.6268,6.6268,8.6268,362.68
6GN71ioNda@xHqK9.com,2024-04-07,MALE,SILVER,2.7844,3.7844,6.7844,278.44
zdWz8Sx0d9@cDmBN.com,2024-04-01,FEMALE,BASIC,6.4703,2.4703,4.4703,147.03
X9sqxSpYtv@vXJz2.com,2024-04-05,MALE,BASIC,4.3802,,4.3802,38.02
WHuRm8HgH1@hA6kx.com,2024-04-14,MALE,BASIC,1.8547,3.8547,5.8547,85.47
mMD91XykUL@BWmV1.com,2024-04-15,MALE,BASIC,,4.1214,5.1214,112.14
x5WCtp3atZ@tX6yD.com,2024-04-05,FEMALE,DIAMOND,,11.4266,11.4266,742.66
N9Mgzzepdg@c1WtK.com,2024-04-06,FEMALE,PLATIN,9.7579,,9.7579,575.79
Y5BByblFBx@zxkek.com,2024-04-10,MALE,BRONZE,2.1909,,7.1909,219.09
WoscS0YSuf@2WbNB.com,2024-04-14,MALE,BASIC,,7.8393,7.8393,83.93
6ze0okEiA1@Z8u5u.com,2024-04-05,FEMALE,BASIC,2.84,2.84,6.84,84.00
bO1gnB0PqZ@6lB5Z.com,2024-04-01,MALE,DIAMOND,8.5686,7.5686,10.5686,656.86
5FXSORjfs0@jLUt3.com,2024-04-12,FEMALE,SILVER,6.3175,9.3175,7.3175,331.75
benjPRkmyx@wHsjF.com,2024-04-22,MALE,BRONZE,4.4987,,5.4987,249.87
LiHJ9rG9cM@NIUrP.com,2024-04-04,MALE,BASIC,2.2495,,4.2495,124.95
qDq7qUtRoK@mGjgx.com,2024-04-27,MALE,BASIC,1.045,3.045,3.045,4.50
DfR7mMc5RM@yPn59.com,2024-04-12,MALE,GOLD,,7.536,10.536,353.60
kTCVE6GdF4@hQKNC.com,2024-04-10,MALE,DIAMOND,10.1939,13.1939,10.1939,719.39
qVDccyxSXP@CZfjR.com,2024-04-16,MALE,GOLD,5.7701,8.7701,10.7701,477.01
DNymOsb3Ho@tIe7m.com,2024-04-07,FEMALE,GOLD,4.2232,10.2232,11.2232,422.32
D9EfAXyRRL@hqaSi.com,2024-04-04,FEMALE,BRONZE,,2.7063,8.7063,170.63
AprnSo3sRS@M12qP.com,2024-04-04,MALE,BRONZE,6.2598,8.2598,8.2598,225.98
r5QBnbt4bX@NC2K5.com,2024-04-20,FEMALE,BASIC,2.2722,6.2722,5.2722,27.22
5mMgSNK7dT@gvpm2.com,2024-04-14,MALE,GOLD,7.2792,5.2792,9.2792,427.92
lkF22T1Y0l@J6TrT.com,2024-04-18,FEMALE,PLATIN,10.7035,6.7035,9.7035,570.35
2myXtvgvNR@KIpOJ.com,2024-04-13,MALE,GOLD,10.2902,8.2902,11.2902,529.02
9Z8nWlfQBz@Lhfpc.com,2024-04-05,MALE,PLATIN,,11.3732,10.3732,637.32
o9I54Y1k5s@9Na3Q.com,2024-04-23,MALE,SILVER,8.2899,9.2899,8.2899,328.99
WtJgbyDHL9@cT4sK.com,2024-04-21,FEMALE,SILVER,3.8023,9.8023,5.8023,280.23
f5jyzpvTcG@dCKLz.com,2024-04-18,MALE,BASIC,2.0981,,8.0981,109.81
UtlkLVkWoO@mhV31.com,2024-04-11,MALE,SILVER,3.2786,10.2786,10.2786,327.86
pQyfr1tIJs@NWNIV.com,2024-04-18,MALE,DIAMOND,12.3099,14.3099,12.3099,730.99
ocxWuOwcdS@gN8oT.com,2024-04-20,MALE,BASIC,,5.3707,4.3707,37.07
839ivhivCc@hsBMR.com,2024-04-09,FEMALE,SILVER,,3.6776,7.6776,267.76
UGbVLpwVCD@1ADA0.com,2024-04-26,MALE,BASIC,,5.7258,5.7258,72.58
XMGMaQTCQM@x87tW.com,2024-04-14,FEMALE,GOLD,9.0057,,8.0057,400.57
d2JsydUL4J@BXqmH.com,2024-04-21,MALE,GOLD,5.1742,12.1742,12.1742,517.42
9QL4IbEe3R@HBNR7.com,2024-04-26,MALE,BRONZE,,3.3227,7.3227,232.27
dHAR16h6Oz@mGYTb.com,2024-04-08,MALE,PLATIN,8.966,,11.966,596.60
8QKkKZBOaL@fAw7i.com,2024-04-25,MALE,BRONZE,4.2342,4.2342,,223.42
j9XeQOVE3N@mjWSZ.com,2024-04-24,FEMALE,BASIC,2.8274,2.8274,7.8274,82.74
vwLfjdpoLx@rH2qr.com,2024-04-13,FEMALE,BRONZE,7.2749,,9.2749,227.49
p1Cu4uQvxi@BUKn1.com,2024-04-08,MALE,GOLD,6.9947,6.9947,,499.47
JBVzBYaFNg@isl5v.com,2024-04-07,MALE,GOLD,4.9341,6.9341,,493.41
zt40MISpAj@TU27k.com,2024-04-19,FEMALE,PLATIN,10.9838,7.9838,10.9838,598.38
qkyFWYBFc6@7t8iG.com,2024-04-24,MALE,SILVER,,6.5449,6.5449,254.49
hDsTRmGWZA@ioQqv.com,2024-04-27,FEMALE,GOLD,8.8468,,7.8468,484.68
vc84lxZvzB@4sG7b.com,2024-04-04,FEMALE,PLATIN,9.8535,10.8535,,585.35
wv8uG5ssWk@IXm15.com,2024-04-09,MALE,SILVER,3.2699,,7.2699,326.99
EmvaZhxGoh@Unkt0.com,2024-04-06,MALE,DIAMOND,,13.8748,12.8748,687.48
c3XuBqhvUI@8iKZr.com,2024-04-25,FEMALE,GOLD,,6.5028,9.5028,450.28
s4eWt4Pibk@qmMwE.com,2024-04-06,MALE,SILVER,,3.6004,7.6004,260.04
qyV0j8vC5Y@yvnx8.com,2024-04-27,MALE,DIAMOND,11.2825,10.2825,12.2825,728.25
oGOCqrOtB8@jM3uQ.com,2024-04-10,MALE,DIAMOND,12.3021,13.3021,11.3021,730.21
5LBlwRApho@vZBJu.com,2024-04-16,MALE,BASIC,5.1583,,6.1583,115.83
JSWEmaDF82@XUlFQ.com,2024-04-14,MALE,BASIC,3.2015,8.2015,4.2015,120.15
ckWzlkGbHA@F43h7.com,2024-04-12,MALE,GOLD,3.9286,4.9286,9.9286,392.86
zxPv6cOsIJ@YLDZc.com,2024-04-22,MALE,DIAMOND,,10.9919,13.9919,699.19
5HQV2JVkhE@gJRRl.com,2024-04-25,MALE,GOLD,8.8374,10.8374,10.8374,383.74
gkJooSJhs0@H1xlw.com,2024-04-18,MALE,GOLD,6.2369,10.2369,7.2369,423.69
iYRFS0Q7lp@nVnn5.com,2024-04-03,MALE,GOLD,8.9431,5.9431,7.9431,494.31
lK7uo9QKxX@0sX72.com,2024-04-27,MALE,GOLD,9.7911,,7.7911,479.11
2iA3LwhDYn@rtuZy.com,2024-04-02,MALE,GOLD,8.8459,11.8459,11.8459,484.59
OBAw7r91bt@Wtz2O.com,2024-04-11,MALE,BASIC,4.3581,3.3581,4.3581,135.81
zldhXyv4cy@y1mGt.com,2024-04-07,FEMALE,PLATIN,10.3858,12.3858,13.3858,638.58
IgDBfj02tO@DidIh.com,2024-04-11,MALE,BRONZE,,3.8248,7.8248,182.48
e85nrD94Rn@ysXss.com,2024-04-04,MALE,BRONZE,3.0452,4.0452,,204.52
hbg88FG73Q@sUgQm.com,2024-04-16,MALE,SILVER,6.5691,5.5691,7.5691,256.91
qDCFPEVRGh@oCQhw.com,2024-04-14,FEMALE,BASIC,5.1835,6.1835,3.1835,18.35
b5UX1qLAWB@gKIkK.com,2024-04-20,FEMALE,DIAMOND,12.0165,,13.0165,701.65
PBurapUYmo@2cQoN.com,2024-04-28,MALE,GOLD,5.8589,9.8589,7.8589,385.89
rYRWzHML1m@sRUg6.com,2024-04-19,MALE,BASIC,3.5461,3.5461,3.5461,54.61
KIFUG9N9jO@QICBf.com,2024-04-21,MALE,GOLD,5.9252,11.9252,9.9252,492.52
2UQBPYPGvR@qfWAD.com,2024-04-26,MALE,BASIC,2.1329,3.1329,5.1329,13.29
qMcL2Wz88P@2KJQp.com,2024-04-01,MALE,BRONZE,6.9922,6.9922,8.9922,199.22
WliNOYbKSN@C5rJB.com,2024-04-09,FEMALE,SILVER,3.4873,,10.4873,348.73
MoqNsdo2Ji@eFeGR.com,2024-04-18,MALE,BRONZE,6.6718,7.6718,6.6718,167.18
54iAT6mMOK@vw5cs.com,2024-04-02,FEMALE,BASIC,4.7431,1.7431,3.7431,74.31
HzNSVkHk0N@GrD4p.com,2024-04-17,MALE,BASIC,4.2252,4.2252,4.2252,122.52
rCdXASDj5T@UYmfq.com,2024-04-26,FEMALE,DIAMOND,6.6266,10.6266,11.6266,662.66
B1CjO3Souw@vgoZx.com,2024-04-05,FEMALE,BASIC,,2.7358,7.7358,73.58
8E4RdQpUIC@hs6Qj.com,2024-04-11,MALE,GOLD,4.7041,,7.7041,370.41
iyMpwqMXUy@BixKe.com,2024-04-19,MALE,GOLD,5.5669,10.5669,,456.69
WnAo0kSPRD@hqWHP.com,2024-04-14,MALE,SILVER,,5.5644,8.5644,256.44
ZjQmgO2AEA@Ywrss.com,2024-04-05,FEMALE,BRONZE,5.8199,,8.8199,181.99
EmDs1P6J3c@fnYHf.com,2024-04-10,MALE,BRONZE,5.8289,,6.8289,182.89
6O2MfTI1f1@mXwXO.com,2024-04-20,MALE,GOLD,4.8793,,11.8793,487.93
aEG89IgSxJ@1Zo5j.com,2024-04-15,MALE,DIAMOND,7.0923,14.0923,13.0923,709.23
LTMtYJ7I4J@boXVn.com,2024-04-09,FEMALE,SILVER,3.8387,,9.8387,283.87
iC7fAAm3Vh@iqKvh.com,2024-04-13,MALE,BASIC,5.6056,7.6056,6.6056,60.56
h23IwrjxHu@JHsyB.com,2024-04-20,FEMALE,DIAMOND,8.3373,9.3373,,733.73
upw3TjqCaD@D4kIj.com,2024-04-18,MALE,PLATIN,8.136,8.136,12.136,613.60
IP2jD8t4Dj@uqKHv.com,2024-04-09,MALE,DIAMOND,8.918,,11.918,691.80
VWTWb1yf9l@5xYh7.com,2024-04-12,MALE,BASIC,3.2067,,8.2067,120.67
ATFOZRU1c5@itPRs.com,2024-04-07,MALE,BASIC,1.7244,,5.7244,72.44
qox6y6cfQq@ED7Vr.com,2024-04-23,MALE,PLATIN,7.5987,6.5987,9.5987,559.87
qqXQmspf1x@0f8kt.com,2024-04-26,FEMALE,BRONZE,6.1954,,7.1954,219.54
HZsXtPtoes@UufGR.com,2024-04-25,MALE,SILVER,3.3319,4.3319,7.3319,333.19
7zy58r7ykd@Z0lPa.com,2024-04-13,MALE,GOLD,4.5295,6.5295,8.5295,452.95
I2I4IU66GY@BFidw.com,2024-04-12,MALE,SILVER,,6.7006,8.7006,270.06
Pe5BHu0wHC@eZf1y.com,2024-04-28,MALE,SILVER,6.5373,6.5373,,253.73
y8LXELGATs@aY1W5.com,2024-04-02,MALE,GOLD,7.6532,,7.6532,365.32
q6BWjn5vVf@caJDt.com,2024-04-21,MALE,BRONZE,2.7011,6.7011,8.7011,170.11
UZnx8EozfD@ABiSu.com,2024-04-25,FEMALE,BASIC,1.9804,6.9804,5.9804,98.04
uAoDoCsX79@DIT02.com,2024-04-20,MALE,SILVER,,6.7415,7.7415,274.15
1OadIZpedz@DDgtE.com,2024-04-23,MALE,SILVER,,8.7101,5.7101,271.01
liOUkHCQNu@HFEH5.com,2024-04-25,MALE,PLATIN,11.0989,9.0989,12.0989,609.89
YhVcDAWKwu@cXsmE.com,2024-04-07,MALE,GOLD,6.4508,8.4508,,445.08
l0TenhtgOV@xfefS.com,2024-04-27,MALE,PLATIN,8.9326,8.9326,,593.26
Bb8fgk8tgW@xZ1au.com,2024-04-24,MALE,DIAMOND,9.4781,10.4781,10.4781,747.81
itzjAEaOjh@4lTGh.com,2024-04-02,FEMALE,GOLD,,5.5156,6.5156,351.56
1lM42ZD2Pr@JEcQP.com,2024-04-16,MALE,PLATIN,5.7529,11.7529,12.7529,575.29
0H1fvkXBGE@SvljJ.com,2024-04-13,MALE,GOLD,8.8325,,10.8325,483.25
5eVQoAE3Xa@wv2XX.com,2024-04-20,MALE,GOLD,8.9498,5.9498,9.9498,394.98
tO1NzbMwuh@lKZFy.com,2024-04-22,FEMALE,GOLD,,4.9203,6.9203,392.03
j1ZpXt3pr0@GBONp.com,2024-04-10,MALE,PLATIN,10.2014,9.2014,,620.14
J64ofTTcLf@0tDLE.com,2024-04-25,MALE,SILVER,2.8556,,9.8556,285.56
PeRLywfBFf@QD1vz.com,2024-04-16,MALE,DIAMOND,,11.1628,12.1628,716.28
9SkN2GDMPU@BOOom.com,2024-04-03,MALE,DIAMOND,7.9392,8.9392,13.9392,693.92
LZ8RD6U3TA@Y5YgM.com,2024-04-11,MALE,SILVER,2.5384,7.5384,9.5384,253.84
2DjyXTt18w@4upL0.com,2024-04-19,MALE,SILVER,3.712,5.712,7.712,271.20
ND6kgxKiIQ@YQTwp.com,2024-04-10,MALE,BASIC,4.7578,,5.7578,75.78
kflDtZaAdx@tXeF0.com,2024-04-15,MALE,GOLD,6.7102,5.7102,11.7102,471.02
Tn9lszG9mc@EZr8D.com,2024-04-21,MALE,BASIC,3.6083,3.6083,4.6083,60.83
FelFCTf7J9@lvPCt.com,2024-04-21,MALE,GOLD,3.8808,,10.8808,388.08
1q59QF8fRd@xt8Fm.com,2024-04-24,FEMALE,GOLD,5.2716,6.2716,7.2716,427.16
wo7eCMGqZg@Php2M.com,2024-04-25,MALE,DIAMOND,8.4142,14.4142,,741.42
F3mulDrOAT@xH6gm.com,2024-04-09,FEMALE,DIAMOND,9.1072,14.1072,14.1072,710.72
97REiN1RPK@C1J2n.com,2024-04-06,MALE,DIAMOND,11.4411,9.4411,14.4411,744.11
03yOsh5AVF@MvJFF.com,2024-04-25,MALE,SILVER,3.5723,5.5723,5.5723,257.23
umjODYMHyh@4KVhA.com,2024-04-17,FEMALE,BASIC,4.4737,4.4737,5.4737,47.37
wbBdW5RHfs@1Jv7B.com,2024-04-21,MALE,GOLD,,9.7034,9.7034,470.34
ZOkoe5qtU5@HUlEx.com,2024-04-18,MALE,DIAMOND,9.4111,9.4111,,741.11
cxeOix90ID@D5TSo.com,2024-04-25,MALE,GOLD,8.4452,,11.4452,444.52
e8375nSkHz@2ykak.com,2024-04-13,FEMALE,GOLD,9.3283,6.3283,11.3283,432.83
sqZKA9yyXC@WxPqx.com,2024-04-24,MALE,BASIC,5.4689,4.4689,8.4689,146.89
z4XAnHOB6v@BloBA.com,2024-04-10,MALE,GOLD,7.1458,9.1458,9.1458,514.58
RyFD8G8AmL@VYu08.com,2024-04-05,MALE,BRONZE,3.8273,3.8273,4.8273,182.73
mrVgtsEzg8@4RhtC.com,2024-04-25,MALE,GOLD,7.415,10.415,10.415,541.50
bJvLLfRZQ8@VlmNW.com,2024-04-24,FEMALE,DIAMOND,,8.1423,11.1423,714.23
ZV60qcIq7d@vIuaC.com,2024-04-03,MALE,PLATIN,7.295,12.295,10.295,629.50
xKYnQBfZyW@dgU7Q.com,2024-04-18,FEMALE,BASIC,,3.5326,5.5326,53.26
hggLgdXREA@pTAqB.com,2024-04-06,FEMALE,GOLD,7.4956,7.4956,11.4956,449.56
BnHftok9Nf@bl8vi.com,2024-04-26,MALE,BRONZE,3.2177,3.2177,6.2177,221.77
NmzpqXD0pj@OJFuA.com,2024-04-03,FEMALE,BASIC,2.352,4.352,6.352,135.20
Tk20Khg2Hk@vwSEy.com,2024-04-10,FEMALE,BRONZE,2.4833,,8.4833,248.33
sJYMYm5cgJ@hzfGS.com,2024-04-04,MALE,SILVER,4.699,,6.699,269.90
4K8uMwbAWi@4iD8R.com,2024-04-14,MALE,PLATIN,7.376,,11.376,637.60
UaklqNtmcc@EI8ea.com,2024-04-16,FEMALE,GOLD,6.2678,11.2678,8.2678,526.78
L1hG0vjnOL@Hnmkb.com,2024-04-11,MALE,DIAMOND,11.0662,10.0662,,706.62
SXJMoobAqQ@QUO5T.com,2024-04-16,MALE,PLATIN,7.1404,7.1404,9.1404,614.04
0rceaCiSh3@5O3oG.com,2024-04-19,MALE,SILVER,6.7755,6.7755,,277.55
4hiXBfOOt2@FOibO.com,2024-04-19,MALE,GOLD,5.1533,10.1533,9.1533,515.33
0jBo6pv56v@wXOUV.com,2024-04-09,MALE,DIAMOND,,14.1629,10.1629,716.29
y4ym21JUik@O2KS8.com,2024-04-26,MALE,DIAMOND,11.0145,14.0145,13.0145,701.45
tmxF36Whvl@jqK4N.com,2024-04-27,FEMALE,DIAMOND,11.717,9.717,,671.70
V5GPNfBTeu@8ctGl.com,2024-04-21,FEMALE,SILVER,,8.5485,6.5485,254.85
uiVqVya1lU@ElD8a.com,2024-04-14,FEMALE,BASIC,4.9318,7.9318,4.9318,93.18
bpXEAfSgW4@5WZYl.com,2024-04-09,MALE,SILVER,7.9687,5.9687,6.9687,296.87
AdlX2bYKND@Xsblm.com,2024-04-14,MALE,BASIC,0.2355,2.2355,,23.55
FQAsRfFYfs@9xtlC.com,2024-04-28,FEMALE,SILVER,4.5147,9.5147,7.5147,251.47
OaibabEvGN@IPkKZ.com,2024-04-10,MALE,DIAMOND,6.5677,9.5677,12.5677,656.77
SMw81vQYJt@bCSjl.com,2024-04-19,MALE,BASIC,1.5533,,4.5533,55.33
jNrrgQcOfZ@glZBA.com,2024-04-16,MALE,BASIC,3.5792,2.5792,5.5792,57.92
5nBRhTLZRX@xZ3gs.com,2024-04-21,MALE,PLATIN,9.011,9.011,13.011,601.10
ApWSk5B0QH@OF3U0.com,2024-04-21,FEMALE,PLATIN,6.9752,6.9752,12.9752,597.52
tExwl8A3FS@aaRw9.com,2024-04-06,FEMALE,BASIC,3.9017,3.9017,,90.17
UnFxiJKC6B@HtMJN.com,2024-04-18,MALE,BASIC,1.7316,5.7316,,73.16
a5Qd2lowXR@q3CQR.com,2024-04-27,MALE,BASIC,,7.5835,3.5835,58.35
8dWhpcedUS@06gE6.com,2024-04-09,FEMALE,BASIC,4.1586,7.1586,5.1586,15.86
fYdikew3iv@1TKlR.com,2024-04-05,MALE,PLATIN,9.7937,6.7937,,579.37
WpIDanqFIo@Jawkq.com,2024-04-26,MALE,PLATIN,9.1811,7.1811,13.1811,618.11
K31eVuJRc4@03VaQ.com,2024-04-08,FEMALE,GOLD,4.9894,9.9894,10.9894,398.94
a8kciZX3np@uao6J.com,2024-04-14,MALE,PLATIN,9.5487,10.5487,8.5487,554.87
RaqXRlh1QT@A13xT.com,2024-04-15,MALE,BASIC,2.456,8.456,8.456,145.60
ehy6W17L3e@HmJvK.com,2024-04-21,FEMALE,PLATIN,6.3552,,11.3552,635.52
7VF40nKkPV@r04dX.com,2024-04-13,MALE,GOLD,6.0079,12.0079,9.0079,500.79
uv71YXtbPa@cvaqe.com,2024-04-14,MALE,GOLD,8.9305,5.9305,,393.05
V4ZX13dExE@EUNXK.com,2024-04-01,MALE,BASIC,,5.5542,3.5542,55.42
cBbaeDPzzq@uvxsv.com,2024-04-21,MALE,SILVER,4.4391,4.4391,10.4391,343.91
6kzaJZri95@tCFNP.com,2024-04-07,MALE,DIAMOND,,11.849,9.849,684.90
tPjdI7714h@xodrF.com,2024-04-28,FEMALE,BRONZE,,7.7957,6.7957,179.57
KSdXV0RCi3@aNphT.com,2024-04-18,MALE,BASIC,2.2913,5.2913,7.2913,129.13
2OKmNiw6dX@TjCIC.com,2024-04-10,FEMALE,SILVER,4.6498,5.6498,,264.98
XwibpqO8e1@3nJ5x.com,2024-04-27,MALE,SILVER,5.4873,7.4873,10.4873,348.73
DUlP6edO8Y@BXpTN.com,2024-04-19,MALE,PLATIN,11.2334,8.2334,13.2334,623.34
KyjODKPaKU@AyvAQ.com,2024-04-09,MALE,DIAMOND,7.7215,11.7215,12.7215,672.15
1vCVg2EUcF@YDWp4.com,2024-04-11,MALE,BASIC,2.6657,5.6657,3.6657,66.57
etkqi09AU2@GYBTW.com,2024-04-09,MALE,SILVER,,3.8319,7.8319,283.19
QGvnjJKPdm@v4idq.com,2024-04-04,FEMALE,DIAMOND,,9.2342,14.2342,723.42
nUuArC3g8U@hZx9Y.com,2024-04-28,MALE,BRONZE,1.563,4.563,6.563,156.30
mQftF7ZhqS@zc4gp.com,2024-04-21,MALE,GOLD,7.6998,,8.6998,369.98
h1YafeimVc@ZVy0v.com,2024-04-04,FEMALE,BASIC,4.4869,5.4869,,48.69
5dUmzRKnvm@2h4nE.com,2024-04-15,MALE,GOLD,5.1035,8.1035,,510.35
sOrNfi2gDd@uwc91.com,2024-04-08,MALE,BASIC,,3.5158,3.5158,51.58
Z9iyolPvdu@rR9iw.com,2024-04-26,MALE,BRONZE,5.4895,7.4895,,248.95
rw3U5N3Qfm@RU8Kc.com,2024-04-24,MALE,BASIC,1.4601,2.4601,,46.01
qKpRUf106k@ctWKF.com,2024-04-03,MALE,BASIC,4.2576,,5.2576,125.76
GVPy1GEy7G@LuYva.com,2024-04-01,FEMALE,SILVER,7.1005,9.1005,6.1005,310.05
MMJuYQbk2g@Gtnma.com,2024-04-01,MALE,GOLD,6.0296,11.0296,11.0296,502.96
lf3cMlcEqR@nxiyk.com,2024-04-06,FEMALE,DIAMOND,11.1664,,14.1664,716.64
w9beSA0u8W@UV4FF.com,2024-04-04,MALE,BRONZE,,5.3424,6.3424,234.24
OyNmqA8mwr@2jDAK.com,2024-04-03,MALE,DIAMOND,10.6454,,13.6454,664.54
0BHupkJvGa@QAhRv.com,2024-04-04,MALE,BASIC,5.44,2.44,7.44,144.00
ClTEUj7W3r@CR0gW.com,2024-04-12,MALE,SILVER,4.3783,,9.3783,337.83
8DJzvGefxr@x8W4g.com,2024-04-22,MALE,GOLD,8.1228,11.1228,9.1228,412.28
pgFpEJael9@5XDBf.com,2024-04-27,MALE,PLATIN,9.1347,,10.1347,613.47
TWO0nRxvhu@h8IFK.com,2024-04-13,MALE,GOLD,,8.5779,9.5779,357.79
9opsEojETk@UShcn.com,2024-04-24,MALE,GOLD,5.1262,10.1262,9.1262,512.62
zYsimuz8ew@urCKL.com,2024-04-17,MALE,PLATIN,9.1614,13.1614,13.1614,616.14
DFIP3JQ9gy@tsnEA.com,2024-04-19,MALE,BRONZE,4.9686,,5.9686,196.86
h5NasO11X3@ISdrX.com,2024-04-06,FEMALE,GOLD,,11.3898,8.3898,538.98
wXIwweBYph@lFiKt.com,2024-04-02,FEMALE,PLATIN,8.1377,13.1377,12.1377,613.77
VzmOkGL6IA@Xo4VR.com,2024-04-14,FEMALE,PLATIN,7.179,10.179,11.179,617.90
MFwogU91K5@s06o0.com,2024-04-15,MALE,GOLD,5.1942,,7.1942,419.42
Nbo4m7OMQE@xmfY0.com,2024-04-01,FEMALE,GOLD,,5.3304,7.3304,433.04
0uR1tIsytK@w66At.com,2024-04-14,MALE,GOLD,7.8476,5.8476,,484.76
jcZZVh9XLw@5JCRO.com,2024-04-10,MALE,BASIC,4.0675,3.0675,,6.75
X9N9pAO0zD@LIwYS.com,2024-04-21,MALE,GOLD,4.5934,8.5934,7.5934,459.34
VALDGpgjbc@pgeCb.com,2024-04-02,MALE,SILVER,3.499,9.499,,349.90
26ehvt3VPI@cvDfi.com,2024-04-15,MALE,BRONZE,6.5747,3.5747,,157.47
LMgdVyfsD1@c3ufk.com,2024-04-16,FEMALE,PLATIN,10.7396,6.7396,12.7396,573.96
1S4wI4PE2w@k6QtZ.com,2024-04-07,MALE,SILVER,8.0729,6.0729,8.0729,307.29
Wj74oTm0pi@Upog5.com,2024-04-27,MALE,BRONZE,5.1537,6.1537,,215.37
0IAuwt020t@pBNLc.com,2024-04-09,MALE,BASIC,2.6934,2.6934,5.6934,69.34
rod31MZDlF@l6Oaq.com,2024-04-10,FEMALE,BASIC,5.0493,5.0493,6.0493,4.93
VmXrjNYMNu@4T6To.com,2024-04-14,MALE,BASIC,,6.0108,5.0108,101.08
npXSCmE3ZD@epLMr.com,2024-04-25,MALE,DIAMOND,9.6866,,12.6866,668.66
TS1jwZYT55@lJLal.com,2024-04-05,MALE,PLATIN,10.097,12.097,10.097,609.70
l3rRK84mLb@rLuwI.com,2024-04-18,MALE,GOLD,8.142,11.142,8.142,514.20
Zkoy1ILugp@752of.com,2024-04-08,FEMALE,PLATIN,7.0418,10.0418,13.0418,604.18
tyKlfdA9RO@J1SkM.com,2024-04-22,MALE,BRONZE,4.6969,2.6969,,169.69
IWLcvSPI5n@jgRCU.com,2024-04-14,FEMALE,BASIC,1.2568,3.2568,5.2568,25.68
rw7gvrmibt@tYLU2.com,2024-04-22,MALE,DIAMOND,7.884,11.884,11.884,688.40
GiI9xlPAwl@61fvl.com,2024-04-20,FEMALE,GOLD,8.9776,10.9776,9.9776,397.76
DIojsna7re@qBHNE.com,2024-04-05,MALE,SILVER,3.7228,6.7228,8.7228,272.28
BtKN7s9bUH@CrK20.com,2024-04-05,MALE,BASIC,6.4869,8.4869,7.4869,148.69
II76c5AcYw@mVVA1.com,2024-04-15,MALE,SILVER,5.2732,5.2732,,327.32
NuufHEwHlL@1MGZE.com,2024-04-12,FEMALE,DIAMOND,11.3038,10.3038,14.3038,730.38
UI0l2nQjia@A1Qy0.com,2024-04-10,MALE,SILVER,5.5243,7.5243,6.5243,252.43
lLDmp2UozS@QzLiG.com,2024-04-24,MALE,BASIC,6.1573,8.1573,6.1573,115.73
Om6iptw5Vf@8xEIJ.com,2024-04-27,MALE,SILVER,5.0272,,7.0272,302.72
kLRKpv7f3i@pvrEB.com,2024-04-13,MALE,BRONZE,,6.5222,6.5222,152.22
Di0VbSgcWa@3KsHS.com,2024-04-07,FEMALE,GOLD,7.302,,11.302,430.20
VZbiCap4sh@2ITFt.com,2024-04-05,MALE,GOLD,4.8775,6.8775,7.8775,487.75
nHyQtOsMGo@kaDfO.com,2024-04-24,FEMALE,DIAMOND,8.1878,11.1878,,718.78
DQKUjrQNnG@NfSt4.com,2024-04-16,MALE,DIAMOND,,12.0488,13.0488,704.88
oIaEw3Fwy9@46fjr.com,2024-04-24,MALE,GOLD,8.2735,10.2735,7.2735,427.35
F867pCRhdA@xHiSx.com,2024-04-28,FEMALE,SILVER,,10.4466,8.4466,344.66
dq0T7oOq7u@fpWqb.com,2024-04-25,MALE,BRONZE,1.5588,2.5588,,155.88
ZhLNEgppkd@Ldigo.com,2024-04-25,FEMALE,DIAMOND,12.2749,10.2749,14.2749,727.49
X7Ccfm8aZn@AWd2N.com,2024-04-03,MALE,GOLD,3.667,6.667,,366.70
IXGq41vOco@2u1k8.com,2024-04-21,MALE,SILVER,3.2669,9.2669,10.2669,326.69
ubxGgiThp4@BFzD1.com,2024-04-27,MALE,DIAMOND,7.9524,10.9524,13.9524,695.24
YnXxRI6gL8@PkIHx.com,2024-04-16,FEMALE,GOLD,9.2878,10.2878,8.2878,428.78
45lKEvf1f6@Le3B7.com,2024-04-04,FEMALE,SILVER,2.7242,4.7242,8.7242,272.42
uwVbEJMJrA@yB3N9.com,2024-04-24,MALE,GOLD,4.6235,,9.6235,362.35
SnBaINcmfL@qDxcL.com,2024-04-07,MALE,PLATIN,,12.4669,9.4669,646.69
EeWmmsYhOt@pWlJq.com,2024-04-27,FEMALE,GOLD,7.7087,6.7087,,370.87
rJv2GnjNxX@6ema9.com,2024-04-17,MALE,GOLD,7.6026,9.6026,7.6026,460.26
4GHIg3dc51@3Z1F8.com,2024-04-28,MALE,DIAMOND,6.6509,,9.6509,665.09
oQhCMImgs6@pjxAM.com,2024-04-16,FEMALE,DIAMOND,9.7089,8.7089,13.7089,670.89
gsCeLH2px8@jp7uE.com,2024-04-11,MALE,SILVER,,3.8356,8.8356,283.56
MqRDvwd8tD@4Dz6F.com,2024-04-01,MALE,BRONZE,1.8918,5.8918,,189.18
luNiUVU3TE@04nMY.com,2024-04-23,FEMALE,DIAMOND,9.539,10.539,10.539,653.90
11Ykd9JGUD@c7VsW.com,2024-04-19,MALE,PLATIN,5.5982,8.5982,10.5982,559.82
Zh28kA4AQg@9tUP8.com,2024-04-28,MALE,GOLD,9.2579,8.2579,10.2579,525.79
MCuacY5B8h@ArP5x.com,2024-04-24,FEMALE,BASIC,3.1886,3.1886,4.1886,18.86
4cVVVw2hG4@5yTjZ.com,2024-04-27,MALE,GOLD,5.5909,7.5909,8.5909,359.09
447gXR2SVe@WNPeE.com,2024-04-02,MALE,SILVER,,5.9562,7.9562,295.62
aUNM9LsZTl@GxU5L.com,2024-04-28,MALE,PLATIN,9.3503,13.3503,12.3503,635.03
HfwvcYV4hP@vuH3Q.com,2024-04-26,MALE,PLATIN,6.3635,11.3635,,636.35
BjkDna5EUK@MOFQM.com,2024-04-09,MALE,PLATIN,6.053,9.053,10.053,605.30
9VCJdhm8hb@rLNfl.com,2024-04-25,MALE,DIAMOND,,9.0215,12.0215,702.15
ZEEt4rjU40@lPnrb.com,2024-04-21,MALE,PLATIN,9.6805,11.6805,8.6805,568.05
R5lA0u4R93@Otlyr.com,2024-04-06,MALE,BRONZE,6.6485,,7.6485,164.85
6qIgMZ6y4a@MK1Rf.com,2024-04-23,MALE,BRONZE,6.7057,2.7057,4.7057,170.57
i3Y7uo2t9j@3XNn6.com,2024-04-11,MALE,DIAMOND,,10.4755,11.4755,747.55
hpRTlGPOmM@xo6XT.com,2024-04-25,FEMALE,PLATIN,11.0418,8.0418,,604.18
Xog9p5RCsj@fvtua.com,2024-04-17,MALE,SILVER,5.2492,5.2492,6.2492,324.92
WXIYNh7Quh@ypw1S.com,2024-04-14,MALE,PLATIN,10.5252,8.5252,9.5252,552.52
vvBQgPgV58@55UeF.com,2024-04-12,MALE,DIAMOND,8.5762,,12.5762,657.62
axzb2DWug5@1z2yK.com,2024-04-17,MALE,BRONZE,5.7599,6.7599,,175.99
kcEPk3LluK@SUx1A.com,2024-04-15,FEMALE,BRONZE,2.1265,,6.1265,212.65
3py4AOk40e@ywplU.com,2024-04-24,FEMALE,GOLD,8.1652,6.1652,8.1652,516.52
5gozvI2Z5k@jAOlW.com,2024-04-22,MALE,PLATIN,9.0927,11.0927,,609.27
bbGTDsJrgL@NyCQm.com,2024-04-11,MALE,PLATIN,8.708,6.708,9.708,570.80
5nTAr7NKKc@x6TBh.com,2024-04-03,FEMALE,BRONZE,2.4699,9.4699,5.4699,246.99
E1ZUY7LLUB@0Jgse.com,2024-04-08,MALE,DIAMOND,7.2877,12.2877,13.2877,728.77
d4TprK743t@6FCpd.com,2024-04-23,MALE,BRONZE,,9.2,5.2,220.00
A0JYqS9TpM@FkewG.com,2024-04-02,MALE,BRONZE,1.8895,,8.8895,188.95
oi1u96ATHL@3Juf1.com,2024-04-03,MALE,BASIC,0.4133,5.4133,3.4133,41.33
gC7UkE5Vr2@XOwIQ.com,2024-04-03,MALE,BASIC,2.1154,4.1154,,111.54
j4tD1G3x7q@eXPYC.com,2024-04-11,MALE,GOLD,3.6426,4.6426,10.6426,364.26
YQtaG606pJ@JRluv.com,2024-04-06,MALE,BASIC,5.0318,7.0318,,3.18
nqZvHqU6nQ@jHmBj.com,2024-04-25,FEMALE,BRONZE,3.1014,9.1014,9.1014,210.14
sIwrrhSKAX@Hg8NI.com,2024-04-07,MALE,GOLD,10.362,9.362,9.362,536.20
MoxiOVLYca@qYHX5.com,2024-04-28,FEMALE,PLATIN,10.5408,,9.5408,554.08
53Kxgx9RQF@bEUYm.com,2024-04-16,FEMALE,GOLD,6.9997,4.9997,,399.97
hB7cc5jrs6@lFLwr.com,2024-04-12,MALE,PLATIN,9.3275,9.3275,9.3275,632.75
k3Gd7D4OCI@zee13.com,2024-04-16,MALE,SILVER,3.5686,8.5686,6.5686,256.86
3drbSEnTLc@gztjN.com,2024-04-01,FEMALE,GOLD,6.0152,6.0152,,401.52
dPR68pbvSE@qkj4O.com,2024-04-22,FEMALE,DIAMOND,10.8113,12.8113,9.8113,681.13
stMhnMG3NF@jNxBy.com,2024-04-04,FEMALE,GOLD,5.3067,6.3067,8.3067,530.67
Ejzk76faA9@tlEXr.com,2024-04-20,MALE,BRONZE,2.1454,5.1454,6.1454,214.54
cF40NLPluM@RlLf4.com,2024-04-24,MALE,SILVER,6.5175,8.5175,7.5175,251.75
6b3Ee4ui4q@urOk6.com,2024-04-21,FEMALE,SILVER,8.4081,5.4081,6.4081,340.81
CzwRyyTqme@VFhbC.com,2024-04-13,MALE,BRONZE,,6.1165,7.1165,211.65
d9MrnQxpaZ@WyRUG.com,2024-04-09,MALE,PLATIN,,13.2832,9.2832,628.32
5eQLMUccom@xMdxf.com,2024-04-02,FEMALE,BASIC,4.233,,6.233,123.30
DvpruEkYxV@6lnT8.com,2024-04-13,MALE,DIAMOND,7.4961,10.4961,13.4961,749.61
GLOWbYSsRw@0xz5m.com,2024-04-12,MALE,GOLD,3.6297,6.6297,10.6297,362.97
4Q8fmqHloD@ie6Hk.com,2024-04-20,MALE,BASIC,1.4161,2.4161,,141.61
wuNjZwvdoS@eEL2h.com,2024-04-15,MALE,DIAMOND,7.7702,10.7702,13.7702,677.02
aexHHkv5Sx@XNyvv.com,2024-04-01,MALE,GOLD,4.8236,,11.8236,482.36
SWhJmjMlDD@ACxnI.com,2024-04-20,FEMALE,SILVER,,4.3932,9.3932,339.32
skeSTzRaum@6RQOJ.com,2024-04-13,FEMALE,SILVER,7.5929,9.5929,6.5929,259.29
ogIhndzMEZ@c9mEC.com,2024-04-18,FEMALE,DIAMOND,8.6333,,11.6333,663.33
hG6xXziHe0@7Mujv.com,2024-04-07,MALE,BASIC,,3.0787,5.0787,7.87
l4xlBRW5sk@TmXzB.com,2024-04-12,MALE,GOLD,7.6033,8.6033,,460.33
zVlBE6hyah@Qesgc.com,2024-04-10,FEMALE,PLATIN,10.1778,9.1778,12.1778,617.78
OknPKKjRf2@cnTIz.com,2024-04-25,FEMALE,PLATIN,11.0791,11.0791,9.0791,607.91
Wc3ty3Dffv@omz9j.com,2024-04-16,FEMALE,GOLD,7.8783,9.8783,,487.83
yK5JjSdx1X@qISJC.com,2024-04-19,FEMALE,BASIC,1.609,4.609,3.609,60.90
0yTBMuWXFS@nmulY.com,2024-04-10,MALE,PLATIN,8.1049,8.1049,12.1049,610.49
S3TFyHVytN@eXaBC.com,2024-04-23,MALE,SILVER,5.3605,5.3605,8.3605,336.05
oigyxCrtmi@TRmcd.com,2024-04-23,MALE,PLATIN,6.8072,6.8072,8.8072,580.72
yWNDyINGKP@ym9kv.com,2024-04-28,MALE,BRONZE,,7.4905,6.4905,249.05
nT556nxWwQ@avGlD.com,2024-04-18,MALE,SILVER,3.4003,7.4003,6.4003,340.03
F8lbMOOvat@PyoCP.com,2024-04-22,FEMALE,SILVER,5.1216,,6.1216,312.16
7hsrKzdBmH@yQJS0.com,2024-04-15,MALE,GOLD,9.8663,5.8663,7.8663,486.63
srvap93CbR@UNg58.com,2024-04-01,FEMALE,GOLD,7.2949,10.2949,11.2949,529.49
6iEMw04w2L@Vvo0k.com,2024-04-07,FEMALE,BASIC,1.1846,3.1846,,118.46
XEVv7yJuQd@CaYCe.com,2024-04-09,MALE,BASIC,,1.8614,4.8614,86.14
0wQxsXprAY@49HYR.com,2024-04-17,MALE,SILVER,8.3392,8.3392,10.3392,333.92
hSrxe3jK1f@XYK09.com,2024-04-02,MALE,GOLD,,4.9533,9.9533,395.33
tVuDrpF8sy@QJ6r6.com,2024-04-24,MALE,SILVER,,3.7488,5.7488,274.88
ouWfQWztw5@9yVkQ.com,2024-04-17,MALE,SILVER,8.2675,5.2675,,326.75
OHrWkBepqT@Hebif.com,2024-04-16,MALE,DIAMOND,,12.4087,14.4087,740.87
QNu64qKW0H@VXCcJ.com,2024-04-05,MALE,BRONZE,3.3773,6.3773,9.3773,237.73
wN2H8uirdh@QclAD.com,2024-04-09,MALE,BASIC,5.101,1.101,3.101,10.10
Da4pIcBPzc@0N1FZ.com,2024-04-07,MALE,BASIC,3.7668,5.7668,,76.68
1kYT0Sa9mm@vuIoh.com,2024-04-26,FEMALE,BASIC,5.3299,7.3299,4.3299,132.99
jxt5OGm4LX@z2R8X.com,2024-04-27,MALE,GOLD,7.4408,8.4408,12.4408,544.08
jsUMwykaHn@QU5An.com,2024-04-01,MALE,GOLD,5.7139,8.7139,,371.39
ozynYiWyeZ@UoyOo.com,2024-04-05,MALE,DIAMOND,11.2433,10.2433,12.2433,724.33
XXc22chNqe@k7shX.com,2024-04-09,FEMALE,BRONZE,3.5358,6.5358,8.5358,153.58
7HwFM4Gqvc@7kpLD.com,2024-04-28,MALE,BRONZE,3.2348,3.2348,9.2348,223.48
o5ZvteAuXq@i8XRC.com,2024-04-21,MALE,BASIC,,4.0776,6.0776,107.76
WsQw0DnfUG@5OipU.com,2024-04-23,FEMALE,BRONZE,,8.1189,8.1189,211.89
tIzLO5v08J@jJ4gX.com,2024-04-09,MALE,BASIC,1.3389,7.3389,5.3389,133.89
2VwTf01fWs@cMSYm.com,2024-04-15,FEMALE,PLATIN,5.9136,,11.9136,591.36
d3qZS9S4Pc@XBPMF.com,2024-04-20,MALE,BRONZE,4.5198,2.5198,,151.98
dDJHJl4xth@PIrsD.com,2024-04-14,MALE,DIAMOND,8.3737,9.3737,11.3737,737.37
iYGaIEtQJY@oxCj5.com,2024-04-10,MALE,PLATIN,,7.8834,9.8834,588.34
sNYut1xYLS@IS5me.com,2024-04-03,MALE,GOLD,7.2037,11.2037,7.2037,420.37
VP5I9QsH3R@gDQqb.com,2024-04-08,FEMALE,BASIC,5.3577,7.3577,,135.77
57P9GlO5f2@zyAM2.com,2024-04-25,MALE,PLATIN,6.6448,12.6448,11.6448,564.48
XFuA3OfvrE@5dlK2.com,2024-04-03,MALE,GOLD,5.3342,9.3342,,533.42
YwSLCcIM4B@L1Cm8.com,2024-04-06,MALE,BRONZE,2.5939,7.5939,,159.39
NLt1t19ohP@iCzUR.com,2024-04-26,MALE,BASIC,2.4848,7.4848,,148.48
MeEtznoLP5@IQVZZ.com,2024-04-20,FEMALE,PLATIN,6.0441,13.0441,13.0441,604.41
fXgvREP5zo@4pzfu.com,2024-04-13,FEMALE,BRONZE,6.2112,,5.2112,221.12
gwU5lndohC@QryM2.com,2024-04-19,MALE,SILVER,4.772,3.772,5.772,277.20
8pEOMIeabc@UMk6Y.com,2024-04-27,MALE,DIAMOND,9.3771,14.3771,13.3771,737.71
LFsTAY6SRn@FEysv.com,2024-04-26,FEMALE,PLATIN,11.0609,,11.0609,606.09
HvOTRwjHWj@ZCW3M.com,2024-04-19,MALE,PLATIN,6.3978,,12.3978,639.78
iNHfUA2LcH@Lci9y.com,2024-04-23,MALE,SILVER,7.5626,,7.5626,256.26
WTJoPdGjrF@Q2NUE.com,2024-04-06,MALE,PLATIN,,13.0604,12.0604,606.04
K1N2B9FfzC@QgCxt.com,2024-04-17,MALE,BASIC,1.7314,4.7314,7.7314,73.14
Xlu9CzVezA@SIuO1.com,2024-04-23,MALE,SILVER,,9.8404,7.8404,284.04
rAmD7h5UHX@vCbOT.com,2024-04-11,FEMALE,DIAMOND,9.8671,7.8671,,686.71
la0IX5eVCV@NrxbI.com,2024-04-20,FEMALE,BASIC,2.6232,7.6232,5.6232,62.32
5Kee60xNuX@6LvL9.com,2024-04-21,FEMALE,BASIC,3.1724,1.1724,6.1724,17.24
38ooibWiXq@2N93p.com,2024-04-27,MALE,GOLD,8.8821,7.8821,7.8821,488.21
BVldcGd4BW@3a0OW.com,2024-04-28,MALE,GOLD,8.0699,,10.0699,406.99
BWvVYjkOoK@1JPyP.com,2024-04-23,MALE,SILVER,,8.4563,9.4563,345.63
KMSGowCJZu@BwOOi.com,2024-04-28,MALE,BASIC,,2.9426,6.9426,94.26
xjqki0Jg31@qF0vR.com,2024-04-19,FEMALE,SILVER,7.502,,5.502,250.20
0FShB3Zhe8@jsUxX.com,2024-04-26,FEMALE,GOLD,,11.6401,9.6401,464.01
0Ep00TuJsF@66mFM.com,2024-04-14,MALE,DIAMOND,7.8731,12.8731,,687.31
0PZcjPx6lS@Rc2bq.com,2024-04-01,MALE,SILVER,3.6086,,9.6086,260.86
QfnxK6Y2kP@zqe5P.com,2024-04-17,FEMALE,GOLD,7.0321,10.0321,9.0321,503.21
PjeNxsf6LM@vbtZo.com,2024-04-27,MALE,DIAMOND,11.9795,12.9795,9.9795,697.95
tq68BJaKe1@pgpAw.com,2024-04-15,MALE,SILVER,6.1171,7.1171,7.1171,311.71
Z854Ih9sDA@pUmdD.com,2024-04-16,MALE,PLATIN,10.5226,9.5226,10.5226,552.26
8xxS6WgKF2@TkI80.com,2024-04-11,MALE,DIAMOND,7.2925,13.2925,11.2925,729.25
Rzz7pQ7Qyg@OCP77.com,2024-04-19,MALE,BRONZE,5.7501,6.7501,6.7501,175.01
uLqRBKmJ2G@InsdO.com,2024-04-03,MALE,BRONZE,2.3758,7.3758,9.3758,237.58
RA1IneJISh@1guEx.com,2024-04-10,MALE,BASIC,1.6827,2.6827,4.6827,68.27
iUmZLGlV5Q@ukK31.com,2024-04-13,FEMALE,DIAMOND,8.241,13.241,13.241,724.10
gHM91D8wOw@SlgG8.com,2024-04-25,MALE,GOLD,9.0954,,10.0954,409.54
dZmiFMyCzU@iK1Ms.com,2024-04-05,FEMALE,SILVER,7.6461,3.6461,,264.61
13ZsvM05YV@SS3sK.com,2024-04-17,MALE,GOLD,7.0338,8.0338,11.0338,403.38
yVVn8FRcjg@UrYHl.com,2024-04-27,FEMALE,GOLD,5.7969,8.7969,,479.69
e2xB3FkhVe@zmhAU.com,2024-04-19,FEMALE,DIAMOND,9.1387,14.1387,14.1387,713.87
56EsLegg0y@11YSj.com,2024-04-17,FEMALE,GOLD,6.3238,7.3238,8.3238,432.38
bf1kBaW7SM@rdlpk.com,2024-04-21,FEMALE,PLATIN,9.8204,12.8204,8.8204,582.04
hAU9jOeJKX@vLsPL.com,2024-04-06,MALE,BASIC,1.6336,3.6336,,63.36
KCnnvWjdee@QHvOA.com,2024-04-19,MALE,DIAMOND,,11.9219,13.9219,692.19
rZDfo3TNmb@fl94Z.com,2024-04-13,FEMALE,GOLD,6.6365,11.6365,7.6365,463.65
pnqA1runOn@iwp6O.com,2024-04-15,MALE,SILVER,6.002,,7.002,300.20
m4a6vYIggN@5t8n7.com,2024-04-07,MALE,GOLD,,7.6081,9.6081,360.81
lITe90Ij6j@FUb7M.com,2024-04-23,FEMALE,DIAMOND,12.3539,,13.3539,735.39
tUvh6IZ7V5@KZcmn.com,2024-04-03,MALE,GOLD,6.1107,5.1107,,411.07
qTsao63wvB@HY7nB.com,2024-04-12,FEMALE,BASIC,4.7777,2.7777,4.7777,77.77
jcl0Lu0Q6F@beJHh.com,2024-04-18,MALE,BASIC,,2.1297,7.1297,112.97
XMlAD7vvW3@IN7rg.com,2024-04-06,MALE,BASIC,6.2047,6.2047,8.2047,120.47
VCLNxjrIlz@zFFPD.com,2024-04-01,FEMALE,BASIC,4.275,8.275,6.275,127.50
yBO5vCLaxS@jQAYh.com,2024-04-01,MALE,PLATIN,9.5786,12.5786,,557.86
dn6XFMzcGC@vmITx.com,2024-04-19,FEMALE,GOLD,6.8231,7.8231,8.8231,382.31
SCxskbIh6f@B2F5n.com,2024-04-16,MALE,GOLD,7.8672,,7.8672,386.72
LfozauG4Q9@7OC4w.com,2024-04-12,MALE,GOLD,6.5148,9.5148,9.5148,451.48
BxNGvDYPXN@4Ydnp.com,2024-04-06,FEMALE,GOLD,4.9695,10.9695,8.9695,396.95
0qiTsZdB32@vKb0b.com,2024-04-16,MALE,GOLD,,5.554,9.554,455.40
cAri4rbkYQ@O2Xgm.com,2024-04-14,FEMALE,BASIC,3.0874,8.0874,4.0874,108.74
6wXDr7aTa3@eiMEH.com,2024-04-02,FEMALE,SILVER,4.8736,8.8736,6.8736,287.36
LYWsJSRSte@Oi0hn.com,2024-04-18,FEMALE,DIAMOND,8.6867,8.6867,13.6867,668.67
HLWoT15UeP@q5s6M.com,2024-04-16,MALE,BASIC,4.0619,6.0619,8.0619,106.19
CtJ3DnlZKT@i0Izu.com,2024-04-23,MALE,BRONZE,5.3772,6.3772,7.3772,237.72
flrTA2Qquq@uwSWi.com,2024-04-02,MALE,GOLD,,8.6607,8.6607,366.07
5677iVX3Ay@x7mVy.com,2024-04-14,MALE,BRONZE,3.8943,,7.8943,189.43
Fvy3A0aIAq@b1nUK.com,2024-04-07,MALE,DIAMOND,6.5013,10.5013,10.5013,650.13
M5kAXQkLF3@zGmso.com,2024-04-20,FEMALE,PLATIN,11.1583,11.1583,13.1583,615.83
E6h34IEIrH@7Dccw.com,2024-04-18,MALE,SILVER,2.6645,5.6645,,266.45
Tv6SjiwUQn@AvSw8.com,2024-04-16,MALE,DIAMOND,9.0761,14.0761,14.0761,707.61
rmKGDjzGYT@FwGif.com,2024-04-20,MALE,SILVER,7.8774,5.8774,8.8774,287.74
gI29OZxVaG@uc4PD.com,2024-04-04,MALE,PLATIN,6.287,12.287,12.287,628.70
PDd9LMpKyk@9MM7b.com,2024-04-06,MALE,GOLD,6.1471,7.1471,11.1471,514.71
9F2QVkrZ0X@l7BGe.com,2024-04-18,FEMALE,GOLD,6.8574,7.8574,9.8574,385.74
VWqAukkd0g@sRBhV.com,2024-04-27,MALE,GOLD,,10.1123,12.1123,511.23
azQxRJnZVx@lbmH1.com,2024-04-02,FEMALE,PLATIN,9.9653,7.9653,10.9653,596.53
FX87gfVENu@tlmmq.com,2024-04-05,FEMALE,GOLD,7.606,9.606,8.606,360.60
tQbMpFPkfv@F6nmh.com,2024-04-07,FEMALE,GOLD,7.5253,,8.5253,352.53
EA4T8qJn0k@JAYzg.com,2024-04-19,MALE,BRONZE,3.9256,3.9256,6.9256,192.56
xnjLJWvFlZ@5WuZL.com,2024-04-07,FEMALE,GOLD,3.602,6.602,,360.20
ey7iCk1Hrd@Q92Hr.com,2024-04-17,MALE,BRONZE,6.689,3.689,7.689,168.90
aeAn07AXzH@2wjPX.com,2024-04-13,MALE,PLATIN,,6.7959,10.7959,579.59
mckmYP2rLE@hDrkX.com,2024-04-08,FEMALE,SILVER,8.306,6.306,6.306,330.60
0MMa0mFZw6@ntdBf.com,2024-04-15,MALE,PLATIN,10.5708,7.5708,12.5708,557.08
IwqT7T5m6N@CHOC4.com,2024-04-13,FEMALE,SILVER,4.0041,,8.0041,300.41
J2Iy2Bapxh@cdsqu.com,2024-04-05,MALE,GOLD,,9.5877,10.5877,358.77
PxOPWQaDTz@ygxpT.com,2024-04-22,FEMALE,PLATIN,11.2995,11.2995,,629.95
qyCI0PDGFC@GjN1b.com,2024-04-27,MALE,DIAMOND,10.3076,9.3076,10.3076,730.76
siTydN1hVf@o3MZN.com,2024-04-06,MALE,DIAMOND,6.8297,10.8297,,682.97
1Eqog7Kn0Q@QMF12.com,2024-04-09,MALE,DIAMOND,7.3516,12.3516,14.3516,735.16
4YP2fkRfW7@0NyRo.com,2024-04-13,MALE,GOLD,6.5136,10.5136,10.5136,451.36
Of88Ac8tMh@wcXYZ.com,2024-04-17,MALE,GOLD,8.7617,7.7617,11.7617,476.17
Bv8lBvhB7J@Y5rQz.com,2024-04-06,MALE,BRONZE,5.2507,5.2507,6.2507,225.07
GUdik7M4BK@n8LpX.com,2024-04-24,MALE,DIAMOND,12.3278,8.3278,12.3278,732.78
zmifAhrWNT@V67Xm.com,2024-04-11,MALE,BASIC,1.1335,8.1335,8.1335,113.35
2kGB65reat@GX1DH.com,2024-04-23,MALE,GOLD,8.8835,9.8835,,488.35
VCnPka0qSg@POqg4.com,2024-04-27,MALE,PLATIN,,11.1443,11.1443,614.43
auRpSOCyzz@UYRuz.com,2024-04-05,MALE,GOLD,4.9337,,11.9337,493.37
xfw7dEiYxy@xAKQj.com,2024-04-15,FEMALE,GOLD,,10.9145,9.9145,491.45
3JuyXq9c8m@B45bP.com,2024-04-24,MALE,GOLD,3.7476,5.7476,7.7476,374.76
HxJY4ffTT4@DuspU.com,2024-04-26,MALE,BASIC,,3.2631,7.2631,126.31
jSnDhIMgmF@QbcSP.com,2024-04-19,FEMALE,BRONZE,,8.4749,5.4749,247.49
RLqd5uF1KS@49G1h.com,2024-04-21,MALE,BASIC,0.8383,5.8383,7.8383,83.83
LUfLnPjPRr@IQ8OZ.com,2024-04-27,MALE,GOLD,,6.3462,8.3462,534.62
gI00LRQbpN@bVFer.com,2024-04-13,MALE,PLATIN,7.0673,7.0673,10.0673,606.73
ArlO83inON@iNSEt.com,2024-04-08,MALE,GOLD,4.7025,5.7025,7.7025,370.25
xocGc19WCR@EBfh7.com,2024-04-07,MALE,GOLD,6.7287,,8.7287,472.87
brCD8BJQvs@eB8eP.com,2024-04-03,MALE,DIAMOND,,11.7354,12.7354,673.54
o9oMcqk07X@2EIJ3.com,2024-04-09,MALE,BRONZE,4.8731,7.8731,8.8731,187.31
U6rNeBa0z8@CaDj6.com,2024-04-21,MALE,GOLD,3.8854,6.8854,6.8854,388.54
EuVsyPkGHw@s4aV2.com,2024-04-16,FEMALE,PLATIN,11.4402,11.4402,,644.02
Dk3mWVndIo@wWuP2.com,2024-04-03,FEMALE,GOLD,5.3224,7.3224,12.3224,532.24
P8zTK4Z43m@XyY5I.com,2024-04-03,MALE,DIAMOND,,9.7107,11.7107,671.07
DnWJeVBEos@MraJm.com,2024-04-14,MALE,BRONZE,3.7917,7.7917,7.7917,179.17
mFnI3Pug7M@zSc33.com,2024-04-08,MALE,BASIC,3.1195,,5.1195,111.95
ZZpLdP7qlG@nMoGB.com,2024-04-18,MALE,GOLD,3.751,4.751,6.751,375.10
JvHV6Yl6EZ@0W276.com,2024-04-15,MALE,GOLD,,7.453,8.453,545.30
o6aJ6ny7KP@Ll9L1.com,2024-04-20,MALE,SILVER,3.6729,9.6729,5.6729,267.29
oMbwBkE5eA@lR8Lr.com,2024-04-27,FEMALE,PLATIN,8.4038,12.4038,10.4038,640.38
PRdrVOi1BY@nZTja.com,2024-04-06,FEMALE,SILVER,,6.7193,9.7193,271.93
BUB64I2iuF@uEQrZ.com,2024-04-03,FEMALE,SILVER,4.7121,5.7121,6.7121,271.21
yR693EWr70@PjyZq.com,2024-04-01,MALE,BRONZE,4.5493,7.5493,,154.93
Nc4BRZ69p7@Ohgdp.com,2024-04-25,FEMALE,DIAMOND,11.1883,10.1883,13.1883,718.83
DG7xcoJcG5@eYVjk.com,2024-04-26,FEMALE,SILVER,4.0428,5.0428,9.0428,304.28
xwIt2HzByy@dYjcD.com,2024-04-14,MALE,DIAMOND,11.2676,,12.2676,726.76
cz13MAhRGv@MxViJ.com,2024-04-13,FEMALE,GOLD,,10.0804,11.0804,508.04
prav4rubb2@rhEDW.com,2024-04-12,MALE,BRONZE,2.4091,7.4091,7.4091,240.91
kjayJJ7t2M@dp4Pl.com,2024-04-10,MALE,BASIC,3.4379,,3.4379,43.79
Z7ux08HU7R@03cuR.com,2024-04-25,FEMALE,SILVER,5.8001,5.8001,,280.01
QVQnPVPapI@FaHRe.com,2024-04-25,FEMALE,GOLD,5.6644,,8.6644,466.44
L9GDj2oYcL@GcRZq.com,2024-04-01,MALE,DIAMOND,12.1674,10.1674,10.1674,716.74
vnaLBObFUo@3ly95.com,2024-04-14,MALE,PLATIN,5.8411,,8.8411,584.11
IBwNdQQHVe@eSSTp.com,2024-04-13,MALE,BRONZE,5.0959,,8.0959,209.59
RBhSjYVhzY@qzFYk.com,2024-04-06,MALE,BASIC,5.8513,,5.8513,85.13
dokNW4AoXj@ERG05.com,2024-04-25,MALE,SILVER,2.9754,,9.9754,297.54
nEvjHAQv2a@1Bf49.com,2024-04-16,MALE,BRONZE,5.3949,8.3949,,239.49
7dnJeqIBje@bbmbT.com,2024-04-08,MALE,GOLD,5.8202,9.8202,10.8202,382.02
7zuRjMGB9O@j8zPC.com,2024-04-11,MALE,PLATIN,,9.3432,9.3432,634.32
0DWMlikIE6@DuDtj.com,2024-04-01,MALE,GOLD,,5.4918,11.4918,449.18
zJHX707qCK@XURAb.com,2024-04-17,FEMALE,BASIC,3.2679,6.2679,4.2679,26.79
rbtiQRekjR@jBZzD.com,2024-04-07,MALE,BRONZE,,5.1829,6.1829,218.29
UQlO3qcMmU@hvAwx.com,2024-04-27,MALE,PLATIN,,10.4055,10.4055,640.55
Nw80ae3MCA@MRNOr.com,2024-04-14,MALE,SILVER,6.4941,5.4941,,349.41
dhL6pYUdjc@IF5VB.com,2024-04-15,MALE,DIAMOND,,9.0994,12.0994,709.94
3nXHRIbbx3@dLLES.com,2024-04-25,FEMALE,BASIC,3.0403,6.0403,5.0403,4.03
HK9sDMb5ML@HxQWW.com,2024-04-04,MALE,GOLD,6.986,9.986,10.986,398.60
OkKycgPnYv@lAA2I.com,2024-04-05,MALE,GOLD,4.1357,5.1357,,413.57
7pXtVPHLzw@chgbB.com,2024-04-28,MALE,GOLD,9.7628,,11.7628,476.28
3K6lSDpRWA@hNRRT.com,2024-04-14,MALE,BASIC,2.0657,,5.0657,106.57
PU1iIyJRbc@mEn7F.com,2024-04-12,FEMALE,GOLD,6.9643,7.9643,6.9643,396.43
NLz2HVgZfa@OANyI.com,2024-04-24,MALE,SILVER,5.5594,4.5594,9.5594,255.94
wcgtlBBgct@gKDQU.com,2024-04-26,MALE,PLATIN,,10.0017,12.0017,600.17
xFaWsYc2jn@as496.com,2024-04-15,MALE,GOLD,9.4422,11.4422,9.4422,444.22
WvfmPUNVp9@kb4zy.com,2024-04-05,MALE,GOLD,7.0833,7.0833,11.0833,508.33
LAFGbHd6df@oH6K0.com,2024-04-05,MALE,PLATIN,10.1004,12.1004,,610.04
QSBDf6WHPY@vVuqg.com,2024-04-01,MALE,GOLD,8.0932,,11.0932,509.32
uAEiJjEHCT@HQ4jH.com,2024-04-23,MALE,GOLD,10.0799,8.0799,9.0799,507.99
YYtWZOIGV4@dw72s.com,2024-04-21,MALE,GOLD,8.0203,5.0203,,402.03
7PBswJf1YK@TCgSF.com,2024-04-02,MALE,PLATIN,9.7011,10.7011,,570.11
8kEqwHySqo@NwMoZ.com,2024-04-13,MALE,BASIC,,1.1239,5.1239,12.39
EFtaiH7ZfR@7ROt6.com,2024-04-21,MALE,BASIC,2.8887,6.8887,,88.87
PbKen5KijJ@bJn21.com,2024-04-17,MALE,BASIC,1.3222,7.3222,,32.22
5g09jS3Dja@6FlC0.com,2024-04-10,MALE,GOLD,5.9838,6.9838,8.9838,398.38
weOehN2S4G@QnspT.com,2024-04-09,MALE,PLATIN,10.192,9.192,11.192,619.20
HvtKcJEv0L@HQno1.com,2024-04-07,MALE,DIAMOND,10.8378,13.8378,9.8378,683.78
k2BfJgD4cp@V2xEI.com,2024-04-19,MALE,BASIC,1.3534,,4.3534,35.34
QfAnHQeqSL@7zgsD.com,2024-04-11,MALE,SILVER,,5.8404,6.8404,284.04
Gd6AIbi7eA@hpROV.com,2024-04-12,MALE,GOLD,6.4042,11.4042,,540.42
nBPSshReQs@JmaeT.com,2024-04-21,MALE,GOLD,,6.6437,9.6437,464.37
jt4QT9Fmtl@Cq8Kd.com,2024-04-27,FEMALE,GOLD,7.3647,9.3647,11.3647,436.47
8MxmlbDQfc@t6L0z.com,2024-04-17,MALE,SILVER,,8.7056,5.7056,270.56
5XXvrddJmM@xGMSZ.com,2024-04-03,MALE,BASIC,2.3738,2.3738,,37.38
V6BIj7oVK7@uX4yS.com,2024-04-28,MALE,DIAMOND,8.5239,13.5239,11.5239,652.39
y8z4yh0jJe@v5AVC.com,2024-04-18,MALE,BASIC,3.1151,2.1151,,111.51
hIU5vnaRNu@jYHQj.com,2024-04-25,FEMALE,PLATIN,7.127,,12.127,612.70
jxNQENOQUr@8MRx3.com,2024-04-22,MALE,BASIC,3.0182,,4.0182,101.82
vMw1Op8QdM@dMaTy.com,2024-04-17,MALE,DIAMOND,8.7833,12.7833,11.7833,678.33
4M1wyJqfM7@X74z9.com,2024-04-28,FEMALE,BASIC,4.1543,,6.1543,115.43
e4Td0tZCdx@L7hNe.com,2024-04-23,MALE,DIAMOND,9.6454,7.6454,10.6454,664.54
x7i0i6N0pZ@CRdwc.com,2024-04-08,MALE,PLATIN,10.4094,13.4094,9.4094,640.94
ARa3E276j6@hQPvP.com,2024-04-27,MALE,BASIC,5.4381,4.4381,8.4381,143.81
PiNLJVaHWL@DxMtn.com,2024-04-05,MALE,PLATIN,6.9941,,9.9941,599.41
ptnDP8wucR@tjnsD.com,2024-04-26,MALE,SILVER,,7.4954,8.4954,349.54
8htrWN4sVB@LswRF.com,2024-04-18,MALE,BRONZE,5.5938,8.5938,5.5938,159.38
Ajb2zqzfLj@nd6aw.com,2024-04-21,MALE,GOLD,,9.4161,10.4161,541.61
Wbk4dncgs6@LIUHr.com,2024-04-06,MALE,GOLD,8.6772,5.6772,9.6772,467.72
LNyH0Kxvmg@wsL4M.com,2024-04-03,MALE,DIAMOND,7.2334,12.2334,10.2334,723.34
5Aec2n9sd4@OQhNx.com,2024-04-02,MALE,PLATIN,10.8764,8.8764,12.8764,587.64
7vZ3isGiws@uqWBi.com,2024-04-20,FEMALE,PLATIN,5.7113,8.7113,8.7113,571.13
siTHGsZxre@KuWgC.com,2024-04-24,MALE,GOLD,8.6665,6.6665,11.6665,466.65
w75JaFto3t@bNkYn.com,2024-04-05,MALE,GOLD,8.9097,6.9097,11.9097,490.97
Kl3cgaZ9yx@ioyLt.com,2024-04-28,MALE,SILVER,2.9223,6.9223,6.9223,292.23
v3bYbiPIpU@hDCUp.com,2024-04-06,MALE,BASIC,2.6587,,7.6587,65.87
80vjvyY7k9@Ywim5.com,2024-04-02,FEMALE,DIAMOND,,10.7559,11.7559,675.59
qQcacRAW3C@G3x4o.com,2024-04-15,MALE,PLATIN,7.9792,6.9792,12.9792,597.92
BXQQlrIEgd@cwSun.com,2024-04-06,FEMALE,BASIC,5.2925,6.2925,6.2925,29.25
